Workbook

Sheet Summary
A3: Rótulos de Linha | B3: Project Type | C3: Resource Name | D3: FunnelID | E3: CostRate w/ Taxes | F3: Soma de Time Actual | G3: Soma de Total Cost
A4: Sietech | B4: FF | C4: Nelson Simoes | D4: 4328-VCK1760 | E4: 173.00275 | F4: 5 | G4: 865.01377
D5: 458-VCK492 | E5: 173.00275 | F5: 1 | G5: 173.00275
D6: 8168-VCK514 | E6: 173.00275 | F6: 5 | G6: 865.01377
D7: 8170-VCK452 | E7: 173.00275 | F7: 6 | G7: 1038.0165
B8: FF Total | F8: 17 | G8: 2941.0468 | H8: BRP2622
B9: T&M | C9: Nelson Simoes | D9: 876-VCK490 | E9: 173.00275 | F9: 1 | G9: 173.00275
B10: T&M Total | F10: 1 | G10: 173.00275 | H10: BRP2623
B11: NB | C11: Nelson Simoes | D11: NB-BITRIX | E11: 110.00551 | F11: 4 | G11: 440.02204
D12: NB-BPO e PMO | E12: 110.00551 | F12: 51 | G12: 5610.281
D13: NB-Consultoria-Tec&Dev | E13: 110.00551 | F13: 40 | G13: 4400.2204
D14: NBP-PE-PLAN12 | E14: 110.00551 | F14: 1 | G14: 110.00551
D15: NBP-PEVO110 | E15: 110.00551 | F15: 18 | G15: 1980.0992
D16: NBP-PEVO122 | E16: 110.00551 | F16: 13 | G16: 1430.0716
D17: NBP-PEVO123 | E17: 110.00551 | F17: 2 | G17: 220.01102
D18: NBP-PEVO99 | E18: 110.00551 | F18: 19 | G18: 2090.1047
B19: NB Total | F19: 148 | G19: 16280.815 | H19: BRP2624
A20: Sietech Total | F20: 166 | G20: 19394.865
A21: Total Geral | F21: 166 | G21: 19394.865

Sheet Abril 2025
A1: FunnelID | B1: Work Date | C1: Date TimeSheet | D1: CCID | E1: Year | F1: Month | G1: Day | H1: Week | I1: Time Actual | J1: Company | K1: Resource Name | L1: Role | M1: Comments | N1: CostRate | O1: CostRate w/ Taxes | P1: Total Cost | Q1: Customer Name | R1: Project Type
A2: 8170-VCK452 | B2: 45769 | C2: 45775 | D2: SOW | E2: 2025 | F2: 4 | G2: 22 | H2: 17 | I2: 2 | J2: Sietech | K2: Nelson Simoes | L2: Project Manager | M2: Acompanhamento de demandas no VBPO, tratamento com equipe de desenvolvedores | N2: 157 | O2: =ApprovedTimeReport_000_202549[[#This Row],[CostRate]]/0.9075 -> 173.00275 | P2: =ApprovedTimeReport_000_202549[[#This Row],[CostRate w/ Taxes]]*ApprovedTimeReport_000_202549[[#This Row],[Time Actual]] -> 346.00551 | Q2: APTIV Man e Serv de Distr. Ltda | R2: =VLOOKUP(A:A,Vlookup!A:B,2,0) -> FF
A3: 8170-VCK452 | B3: 45770 | C3: 45775 | D3: SOW | E3: 2025 | F3: 4 | G3: 23 | H3: 17 | I3: 1 | J3: Sietech | K3: Nelson Simoes | L3: Project Manager | M3: Acompanhamento de demandas e reunião semanal com Cestari | N3: 157 | O3: =ApprovedTimeReport_000_202549[[#This Row],[CostRate]]/0.9075 -> 173.00275 | P3: =ApprovedTimeReport_000_202549[[#This Row],[CostRate w/ Taxes]]*ApprovedTimeReport_000_202549[[#This Row],[Time Actual]] -> 173.00275 | Q3: APTIV Man e Serv de Distr. Ltda | R3: =VLOOKUP(A:A,Vlookup!A:B,2,0) -> FF
A4: 8170-VCK452 | B4: 45771 | C4: 45775 | D4: SOW | E4: 2025 | F4: 4 | G4: 24 | H4: 17 | I4: 1 | J4: Sietech | K4: Nelson Simoes | L4: Project Manager | M4: Planejamento de Sprint DEV e tratamento de AR cego com equipe e Hilmar | N4: 157 | O4: =ApprovedTimeReport_000_202549[[#This Row],[CostRate]]/0.9075 -> 173.00275 | P4: =ApprovedTimeReport_000_202549[[#This Row],[CostRate w/ Taxes]]*ApprovedTimeReport_000_202549[[#This Row],[Time Actual]] -> 173.00275 | Q4: APTIV Man e Serv de Distr. Ltda | R4: =VLOOKUP(A:A,Vlookup!A:B,2,0) -> FF
A5: 8170-VCK452 | B5: 45777 | C5: 45782 | D5: SOW | E5: 2025 | F5: 4 | G5: 30 | H5: 18 | I5: 2 | J5: Sietech | K5: Nelson Simoes | L5: Project Manager | M5: Planejamento DEV, revisão backlog, alinhamento com Cestari | N5: 157 | O5: =ApprovedTimeReport_000_202549[[#This Row],[CostRate]]/0.9075 -> 173.00275 | P5: =ApprovedTimeReport_000_202549[[#This Row],[CostRate w/ Taxes]]*ApprovedTimeReport_000_202549[[#This Row],[Time Actual]] -> 346.00551 | Q5: APTIV Man e Serv de Distr. Ltda | R5: =VLOOKUP(A:A,Vlookup!A:B,2,0) -> FF
A6: 876-VCK490 | B6: 45762 | C6: 45769 | D6: SOW | E6: 2025 | F6: 4 | G6: 15 | H6: 16 | I6: 1 | J6: Sietech | K6: Nelson Simoes | L6: Project Manager | M6: Alinhamento de atividades de suporte | N6: 157 | O6: =ApprovedTimeReport_000_202549[[#This Row],[CostRate]]/0.9075 -> 173.00275 | P6: =ApprovedTimeReport_000_202549[[#This Row],[CostRate w/ Taxes]]*ApprovedTimeReport_000_202549[[#This Row],[Time Actual]] -> 173.00275 | Q6: Freudenberg Nok Comp Br Ltd | R6: =VLOOKUP(A:A,Vlookup!A:B,2,0) -> T&M
A7: 458-VCK492 | B7: 45762 | C7: 45769 | D7: SOW | E7: 2025 | F7: 4 | G7: 15 | H7: 16 | I7: 1 | J7: Sietech | K7: Nelson Simoes | L7: Project Manager | M7: Tratamento de demanda BPO | N7: 157 | O7: =ApprovedTimeReport_000_202549[[#This Row],[CostRate]]/0.9075 -> 173.00275 | P7: =ApprovedTimeReport_000_202549[[#This Row],[CostRate w/ Taxes]]*ApprovedTimeReport_000_202549[[#This Row],[Time Actual]] -> 173.00275 | Q7: Hanon Systems Climatizacao Do | R7: =VLOOKUP(A:A,Vlookup!A:B,2,0) -> FF
A8: 8168-VCK514 | B8: 45754 | C8: 45761 | D8: SOW | E8: 2025 | F8: 4 | G8: 7 | H8: 15 | I8: 2 | J8: Sietech | K8: Nelson Simoes | L8: Project Manager | M8: Alinhamento de demanda emergencial com time DEV, | N8: 157 | O8: =ApprovedTimeReport_000_202549[[#This Row],[CostRate]]/0.9075 -> 173.00275 | P8: =ApprovedTimeReport_000_202549[[#This Row],[CostRate w/ Taxes]]*ApprovedTimeReport_000_202549[[#This Row],[Time Actual]] -> 346.00551 | Q8: OXBO DO BRASIL EQUIPAMENTOS | R8: =VLOOKUP(A:A,Vlookup!A:B,2,0) -> FF
A9: 8168-VCK514 | B9: 45771 | C9: 45775 | D9: SOW | E9: 2025 | F9: 4 | G9: 24 | H9: 17 | I9: 2 | J9: Sietech | K9: Nelson Simoes | L9: Project Manager | M9: Tratamento de demandas do BPO | N9: 157 | O9: =ApprovedTimeReport_000_202549[[#This Row],[CostRate]]/0.9075 -> 173.00275 | P9: =ApprovedTimeReport_000_202549[[#This Row],[CostRate w/ Taxes]]*ApprovedTimeReport_000_202549[[#This Row],[Time Actual]] -> 346.00551 | Q9: OXBO DO BRASIL EQUIPAMENTOS | R9: =VLOOKUP(A:A,Vlookup!A:B,2,0) -> FF
A10: 8168-VCK514 | B10: 45777 | C10: 45782 | D10: SOW | E10: 2025 | F10: 4 | G10: 30 | H10: 18 | I10: 1 | J10: Sietech | K10: Nelson Simoes | L10: Project Manager | M10: Tratamento de demanda DEV com Jefte, Marcia e Hilmar | N10: 157 | O10: =ApprovedTimeReport_000_202549[[#This Row],[CostRate]]/0.9075 -> 173.00275 | P10: =ApprovedTimeReport_000_202549[[#This Row],[CostRate w/ Taxes]]*ApprovedTimeReport_000_202549[[#This Row],[Time Actual]] -> 173.00275 | Q10: OXBO DO BRASIL EQUIPAMENTOS | R10: =VLOOKUP(A:A,Vlookup!A:B,2,0) -> FF
A11: NB-BITRIX | B11: 45749 | C11: 45754 | D11: SOW | E11: 2025 | F11: 4 | G11: 2 | H11: 14 | I11: 2 | J11: Sietech | K11: Nelson Simoes | L11: Project Manager | M11: Reunião de acompanhamento e atualização bitrix | N11: 99.83 | O11: =ApprovedTimeReport_000_202549[[#This Row],[CostRate]]/0.9075 -> 110.00551 | P11: =ApprovedTimeReport_000_202549[[#This Row],[CostRate w/ Taxes]]*ApprovedTimeReport_000_202549[[#This Row],[Time Actual]] -> 220.01102 | Q11: Vockan Consulting Ltda | R11: =VLOOKUP(A:A,Vlookup!A:B,2,0) -> NB
A12: NB-BITRIX | B12: 45756 | C12: 45761 | D12: SOW | E12: 2025 | F12: 4 | G12: 9 | H12: 15 | I12: 2 | J12: Sietech | K12: Nelson Simoes | L12: Project Manager | M12: Acompanhamento de propostas, reunião semanal com André sobre oportunidades | N12: 99.83 | O12: =ApprovedTimeReport_000_202549[[#This Row],[CostRate]]/0.9075 -> 110.00551 | P12: =ApprovedTimeReport_000_202549[[#This Row],[CostRate w/ Taxes]]*ApprovedTimeReport_000_202549[[#This Row],[Time Actual]] -> 220.01102 | Q12: Vockan Consulting Ltda | R12: =VLOOKUP(A:A,Vlookup!A:B,2,0) -> NB
A13: NB-BPO e PMO | B13: 45749 | C13: 45754 | D13: CO01 | E13: 2025 | F13: 4 | G13: 2 | H13: 14 | I13: 3 | J13: Sietech | K13: Nelson Simoes | L13: Project Manager | M13: Alinhamento com Pérsio e Thiago, alinhamento com Cestari | N13: 99.83 | O13: =ApprovedTimeReport_000_202549[[#This Row],[CostRate]]/0.9075 -> 110.00551 | P13: =ApprovedTimeReport_000_202549[[#This Row],[CostRate w/ Taxes]]*ApprovedTimeReport_000_202549[[#This Row],[Time Actual]] -> 330.01653 | Q13: Vockan Consulting Ltda | R13: =VLOOKUP(A:A,Vlookup!A:B,2,0) -> NB
... A37: NBP-PE-PLAN12 | B37: 45750 | C37: 45754 | D37: SOW | E37: 2025 | F37: 4 | G37: 3 | H37: 14 | I37: 1 | J37: Sietech | K37: Nelson Simoes | L37: Project Manager | M37: Sprint Semanal BPO Op | N37: 99.83 | O37: =ApprovedTimeReport_000_202549[[#This Row],[CostRate]]/0.9075 -> 110.00551 | P37: =ApprovedTimeReport_000_202549[[#This Row],[CostRate w/ Taxes]]*ApprovedTimeReport_000_202549[[#This Row],[Time Actual]] -> 110.00551 | Q37: Vockan Consulting Ltda | R37: =VLOOKUP(A:A,Vlookup!A:B,2,0) -> NB
A38: NBP-PEVO110 | B38: 45769 | C38: 45775 | D38: SOW | E38: 2025 | F38: 4 | G38: 22 | H38: 17 | I38: 5 | J38: Sietech | K38: Nelson Simoes | L38: Project Manager | M38: Preparação de material para reunião com funcionais (remuneração 70-30, form de levantamento), 1:1 Fabio | N38: 99.83 | O38: =ApprovedTimeReport_000_202549[[#This Row],[CostRate]]/0.9075 -> 110.00551 | P38: =ApprovedTimeReport_000_202549[[#This Row],[CostRate w/ Taxes]]*ApprovedTimeReport_000_202549[[#This Row],[Time Actual]] -> 550.02755 | Q38: Vockan Consulting Ltda | R38: NB
A39: NBP-PEVO110 | B39: 45770 | C39: 45775 | D39: SOW | E39: 2025 | F39: 4 | G39: 23 | H39: 17 | I39: 4 | J39: Sietech | K39: Nelson Simoes | L39: Project Manager | M39: Reunião com equipe de funcionais, alinhamento HUF sobre customizados | N39: 99.83 | O39: =ApprovedTimeReport_000_202549[[#This Row],[CostRate]]/0.9075 -> 110.00551 | P39: =ApprovedTimeReport_000_202549[[#This Row],[CostRate w/ Taxes]]*ApprovedTimeReport_000_202549[[#This Row],[Time Actual]] -> 440.02204 | Q39: Vockan Consulting Ltda | R39: NB
A40: NBP-PEVO110 | B40: 45775 | C40: 45782 | D40: SOW | E40: 2025 | F40: 4 | G40: 28 | H40: 18 | I40: 4 | J40: Sietech | K40: Nelson Simoes | L40: Project Manager | M40: Tratamento QSM autokiniton, reunião semanal com PMO e agilista, alinhamento VBPO 543 | N40: 99.83 | O40: =ApprovedTimeReport_000_202549[[#This Row],[CostRate]]/0.9075 -> 110.00551 | P40: =ApprovedTimeReport_000_202549[[#This Row],[CostRate w/ Taxes]]*ApprovedTimeReport_000_202549[[#This Row],[Time Actual]] -> 440.02204 | Q40: Vockan Consulting Ltda | R40: NB
A41: NBP-PEVO110 | B41: 45776 | C41: 45782 | D41: SOW | E41: 2025 | F41: 4 | G41: 29 | H41: 18 | I41: 3 | J41: Sietech | K41: Nelson Simoes | L41: Project Manager | M41: Alinhamento Roso sobre BPO Clarios, 1:1 Fabio, alinhamento Amvac | N41: 99.83 | O41: =ApprovedTimeReport_000_202549[[#This Row],[CostRate]]/0.9075 -> 110.00551 | P41: =ApprovedTimeReport_000_202549[[#This Row],[CostRate w/ Taxes]]*ApprovedTimeReport_000_202549[[#This Row],[Time Actual]] -> 330.01653 | Q41: Vockan Consulting Ltda | R41: NB
A42: NBP-PEVO110 | B42: 45777 | C42: 45782 | D42: SOW | E42: 2025 | F42: 4 | G42: 30 | H42: 18 | I42: 2 | J42: Sietech | K42: Nelson Simoes | L42: Project Manager | M42: Alinhamento BPO Vcontrol | N42: 99.83 | O42: =ApprovedTimeReport_000_202549[[#This Row],[CostRate]]/0.9075 -> 110.00551 | P42: =ApprovedTimeReport_000_202549[[#This Row],[CostRate w/ Taxes]]*ApprovedTimeReport_000_202549[[#This Row],[Time Actual]] -> 220.01102 | Q42: Vockan Consulting Ltda | R42: NB
A43: NBP-PEVO122 | B43: 45770 | C43: 45775 | D43: SOW | E43: 2025 | F43: 4 | G43: 23 | H43: 17 | I43: 2 | J43: Sietech | K43: Nelson Simoes | L43: Project Manager | M43: Acompanhamento de propostas e reunião semanal com André sobre bitrix | N43: 99.83 | O43: =ApprovedTimeReport_000_202549[[#This Row],[CostRate]]/0.9075 -> 110.00551 | P43: =ApprovedTimeReport_000_202549[[#This Row],[CostRate w/ Taxes]]*ApprovedTimeReport_000_202549[[#This Row],[Time Actual]] -> 220.01102 | Q43: Vockan Consulting Ltda | R43: NB
A44: NBP-PEVO122 | B44: 45772 | C44: 45775 | D44: SOW | E44: 2025 | F44: 4 | G44: 25 | H44: 17 | I44: 2 | J44: Sietech | K44: Nelson Simoes | L44: Project Manager | M44: Alinhamento para renovação BPO Amvac | N44: 99.83 | O44: =ApprovedTimeReport_000_202549[[#This Row],[CostRate]]/0.9075 -> 110.00551 | P44: =ApprovedTimeReport_000_202549[[#This Row],[CostRate w/ Taxes]]*ApprovedTimeReport_000_202549[[#This Row],[Time Actual]] -> 220.01102 | Q44: Vockan Consulting Ltda | R44: NB
A45: NBP-PEVO122 | B45: 45775 | C45: 45782 | D45: SOW | E45: 2025 | F45: 4 | G45: 28 | H45: 18 | I45: 2 | J45: Sietech | K45: Nelson Simoes | L45: Project Manager | M45: Reunião de renovação Adium | N45: 99.83 | O45: =ApprovedTimeReport_000_202549[[#This Row],[CostRate]]/0.9075 -> 110.00551 | P45: =ApprovedTimeReport_000_202549[[#This Row],[CostRate w/ Taxes]]*ApprovedTimeReport_000_202549[[#This Row],[Time Actual]] -> 220.01102 | Q45: Vockan Consulting Ltda | R45: NB
A46: NBP-PEVO122 | B46: 45776 | C46: 45782 | D46: SOW | E46: 2025 | F46: 4 | G46: 29 | H46: 18 | I46: 4 | J46: Sietech | K46: Nelson Simoes | L46: Project Manager | M46: Visita Serac, Alinhamento HUF | N46: 99.83 | O46: =ApprovedTimeReport_000_202549[[#This Row],[CostRate]]/0.9075 -> 110.00551 | P46: =ApprovedTimeReport_000_202549[[#This Row],[CostRate w/ Taxes]]*ApprovedTimeReport_000_202549[[#This Row],[Time Actual]] -> 440.02204 | Q46: Vockan Consulting Ltda | R46: NB
A47: NBP-PEVO122 | B47: 45777 | C47: 45782 | D47: SOW | E47: 2025 | F47: 4 | G47: 30 | H47: 18 | I47: 3 | J47: Sietech | K47: Nelson Simoes | L47: Project Manager | M47: FUP Bitrix, alinhamento plano Lifetec | N47: 99.83 | O47: =ApprovedTimeReport_000_202549[[#This Row],[CostRate]]/0.9075 -> 110.00551 | P47: =ApprovedTimeReport_000_202549[[#This Row],[CostRate w/ Taxes]]*ApprovedTimeReport_000_202549[[#This Row],[Time Actual]] -> 330.01653 | Q47: Vockan Consulting Ltda | R47: NB
A48: NBP-PEVO123 | B48: 45771 | C48: 45775 | D48: SOW | E48: 2025 | F48: 4 | G48: 24 | H48: 17 | I48: 2 | J48: Sietech | K48: Nelson Simoes | L48: Program Manager | M48: Preparação e apresentação de proposta Mauser | N48: 99.83 | O48: =ApprovedTimeReport_000_202549[[#This Row],[CostRate]]/0.9075 -> 110.00551 | P48: =ApprovedTimeReport_000_202549[[#This Row],[CostRate w/ Taxes]]*ApprovedTimeReport_000_202549[[#This Row],[Time Actual]] -> 220.01102 | Q48: Vockan Consulting Ltda | R48: NB
A49: NBP-PEVO99 | B49: 45769 | C49: 45775 | D49: SOW | E49: 2025 | F49: 4 | G49: 22 | H49: 17 | I49: 2 | J49: Sietech | K49: Nelson Simoes | L49: Project Manager | M49: Reunião com Hilmar sobre estrutura dev, scrum | N49: 99.83 | O49: =ApprovedTimeReport_000_202549[[#This Row],[CostRate]]/0.9075 -> 110.00551 | P49: =ApprovedTimeReport_000_202549[[#This Row],[CostRate w/ Taxes]]*ApprovedTimeReport_000_202549[[#This Row],[Time Actual]] -> 220.01102 | Q49: Vockan Consulting Ltda | R49: NB
... A55: NBP-PEVO99 | B55: 45777 | C55: 45782 | D55: SOW | E55: 2025 | F55: 4 | G55: 30 | H55: 18 | I55: 2 | J55: Sietech | K55: Nelson Simoes | L55: Project Manager | M55: Scrum, 1:1 Andre | N55: 99.83 | O55: =ApprovedTimeReport_000_202549[[#This Row],[CostRate]]/0.9075 -> 110.00551 | P55: =ApprovedTimeReport_000_202549[[#This Row],[CostRate w/ Taxes]]*ApprovedTimeReport_000_202549[[#This Row],[Time Actual]] -> 220.01102 | Q55: Vockan Consulting Ltda | R55: NB
A56: 4328-VCK1760 | B56: 45761 | C56: 45769 | D56: SOW | E56: 2025 | F56: 4 | G56: 14 | H56: 16 | I56: 2 | J56: Sietech | K56: Nelson Simoes | L56: Project Manager | M56: Alinhamento com equipe sobre plano de ação e reunião com Leopoldo. | N56: 157 | O56: =ApprovedTimeReport_000_202549[[#This Row],[CostRate]]/0.9075 -> 173.00275 | P56: =ApprovedTimeReport_000_202549[[#This Row],[CostRate w/ Taxes]]*ApprovedTimeReport_000_202549[[#This Row],[Time Actual]] -> 346.00551 | Q56: ZF Passive Safety System Brazil Ltda | R56: =VLOOKUP(A:A,Vlookup!A:B,2,0) -> FF
A57: 4328-VCK1760 | B57: 45770 | C57: 45775 | D57: SOW | E57: 2025 | F57: 4 | G57: 23 | H57: 17 | I57: 2 | J57: Sietech | K57: Nelson Simoes | L57: Project Manager | M57: Tratamento de planos de demandas adicionais | N57: 157 | O57: =ApprovedTimeReport_000_202549[[#This Row],[CostRate]]/0.9075 -> 173.00275 | P57: =ApprovedTimeReport_000_202549[[#This Row],[CostRate w/ Taxes]]*ApprovedTimeReport_000_202549[[#This Row],[Time Actual]] -> 346.00551 | Q57: ZF Passive Safety System Brazil Ltda | R57: =VLOOKUP(A:A,Vlookup!A:B,2,0) -> FF
A58: 4328-VCK1760 | B58: 45772 | C58: 45775 | D58: SOW | E58: 2025 | F58: 4 | G58: 25 | H58: 17 | I58: 1 | J58: Sietech | K58: Nelson Simoes | L58: Project Manager | M58: Levantamento para limpeza de dados | N58: 157 | O58: =ApprovedTimeReport_000_202549[[#This Row],[CostRate]]/0.9075 -> 173.00275 | P58: =ApprovedTimeReport_000_202549[[#This Row],[CostRate w/ Taxes]]*ApprovedTimeReport_000_202549[[#This Row],[Time Actual]] -> 173.00275 | Q58: ZF Passive Safety System Brazil Ltda | R58: =VLOOKUP(A:A,Vlookup!A:B,2,0) -> FF

Sheet Vlookup
A1: FunnelID | B1: Project Type
A2: 074-Vckadi | B2: FF
A3: 095-vckadi | B3: FF
A4: 128-VckAdi | B4: FF
A5: 806-Vck446 | B5: FF
A6: NB-Support | B6: NB
A7: 049-VckAmv | B7: FF
A8: 089-vckand | B8: FF
A9: A7lAPT28665 | B9: FF
A10: 131-VckAut | B10: T&M
A11: 010-VckBim | B11: T&M
A12: 068-vckcar | B12: T&M
... A156: 8170-VCK452 | B156: FF
