Workbook

Sheet Summary
A3: Rótulos de Linha | B3: Project Type | C3: Resource Name | D3: FunnelID | E3: CostRate w/ Taxes | F3: Soma de Time Actual | G3: Soma de Total Cost
A4: Sietech | B4: FF | C4: Nelson Simoes | D4: 4328-VCK1760 | E4: 173.00275 | F4: 2 | G4: 346.00551
D5: 434-VCK448 | E5: 173.00275 | F5: 1 | G5: 173.00275
D6: 448-VCK494 | E6: 173.00275 | F6: 2 | G6: 346.00551
D7: 480-VCK452 | E7: 173.00275 | F7: 4 | G7: 692.01102
D8: 484-VCK514 | E8: 173.00275 | F8: 1 | G8: 173.00275
B9: FF Total | F9: 10 | G9: 1730.0275 | H9: BRP2394
B10: T&M | C10: Nelson Simoes | D10: 7956-VCK538 | E10: 173.00275 | F10: 2 | G10: 346.00551
D11: 8038-VCK452 | E11: 173.00275 | F11: 1 | G11: 173.00275
D12: 826-VCK504 | E12: 173.00275 | F12: 1 | G12: 173.00275
D13: 876-VCK490 | E13: 173.00275 | F13: 1 | G13: 173.00275
B14: T&M Total | F14: 5 | G14: 865.01377 | H14: BRP2395
B15: NB | C15: Nelson Simoes | D15: 968-vck452 | E15: 173.00275 | F15: 2 | G15: 346.00551
D16: NB-BPO e PMO | E16: 95.239669 | F16: 24 | G16: 2285.7521
D17: NB-Consultoria-Tec&Dev | E17: 110.00551 | F17: 114 | G17: 12540.628
D18: NBP-PE-PLAN10 | E18: 110.00551 | F18: 8 | G18: 880.04408
D19: NBP-PE-PLAN12 | E19: 110.00551 | F19: 2 | G19: 220.01102
D20: NBP-PE-PLAN23 | E20: 173.00275 | F20: 1 | G20: 173.00275
B21: NB Total | F21: 151 | G21: 16445.444 | H21: BRP2396
A22: Sietech Total | F22: 166 | G22: 19040.485
A23: Total Geral | F23: 166 | G23: 19040.485

Sheet Dezembro 2024
A1: FunnelID | B1: Work Date | C1: Date TimeSheet | D1: CCID | E1: Year | F1: Month | G1: Day | H1: Week | I1: Time Actual | J1: Company | K1: Resource Name | L1: Role | M1: Comments | N1: CostRate | O1: CostRate w/ Taxes | P1: Total Cost | Q1: Customer Name | R1: Project Type | S1: Additional Comment
A2: 434-VCK448 | B2: 45638 | C2: 45642 | D2: SOW | E2: 2024 | F2: 12 | G2: 12 | H2: 50 | I2: 1 | J2: Sietech | K2: Nelson Simoes | L2: Project Manager | M2: Alinhamento sobre BPO Operacional | N2: 157 | O2: =ApprovedTimeReport_001_202508[[#This Row],[CostRate]]/0.9075 -> 173.00275 | P2: =ApprovedTimeReport_001_202508[[#This Row],[CostRate w/ Taxes]]*ApprovedTimeReport_001_202508[[#This Row],[Time Actual]] -> 173.00275 | Q2: AMVAC do Brasil Representacoes | R2: =VLOOKUP(A:A,Vlookup!A:B,2,0) -> FF
A3: 480-VCK452 | B3: 45631 | C3: 45635 | D3: SOW | E3: 2024 | F3: 12 | G3: 5 | H3: 49 | I3: 2 | J3: Sietech | K3: Nelson Simoes | L3: Program Manager | M3: Controle de demandas de BPO, 628, 663, 639, 597 | N3: 157 | O3: =ApprovedTimeReport_001_202508[[#This Row],[CostRate]]/0.9075 -> 173.00275 | P3: =ApprovedTimeReport_001_202508[[#This Row],[CostRate w/ Taxes]]*ApprovedTimeReport_001_202508[[#This Row],[Time Actual]] -> 346.00551 | Q3: APTIV Man e Serv de Distr. Ltda | R3: =VLOOKUP(A:A,Vlookup!A:B,2,0) -> FF
A4: 480-VCK452 | B4: 45644 | C4: 45649 | D4: SOW | E4: 2024 | F4: 12 | G4: 18 | H4: 51 | I4: 2 | J4: Sietech | K4: Nelson Simoes | L4: Program Manager | M4: Planejamento de atividades de BPO | N4: 157 | O4: =ApprovedTimeReport_001_202508[[#This Row],[CostRate]]/0.9075 -> 173.00275 | P4: =ApprovedTimeReport_001_202508[[#This Row],[CostRate w/ Taxes]]*ApprovedTimeReport_001_202508[[#This Row],[Time Actual]] -> 346.00551 | Q4: APTIV Man e Serv de Distr. Ltda | R4: =VLOOKUP(A:A,Vlookup!A:B,2,0) -> FF
A5: 8038-VCK452 | B5: 45652 | C5: 45656 | D5: SOW | E5: 2024 | F5: 12 | G5: 26 | H5: 52 | I5: 1 | J5: Sietech | K5: Nelson Simoes | L5: Project Manager | M5: PPM e documentação | N5: 157 | O5: =ApprovedTimeReport_001_202508[[#This Row],[CostRate]]/0.9075 -> 173.00275 | P5: =ApprovedTimeReport_001_202508[[#This Row],[CostRate w/ Taxes]]*ApprovedTimeReport_001_202508[[#This Row],[Time Actual]] -> 173.00275 | Q5: APTIV Man e Serv de Distr. Ltda | R5: =VLOOKUP(A:A,Vlookup!A:B,2,0) -> T&M
A6: 968-vck452 | B6: 45637 | C6: 45642 | D6: SOW | E6: 2024 | F6: 12 | G6: 11 | H6: 50 | I6: 2 | J6: Sietech | K6: Nelson Simoes | L6: Project Manager | M6: Alinhamento para subida de projeto em produção | N6: 157 | O6: =ApprovedTimeReport_001_202508[[#This Row],[CostRate]]/0.9075 -> 173.00275 | P6: =ApprovedTimeReport_001_202508[[#This Row],[CostRate w/ Taxes]]*ApprovedTimeReport_001_202508[[#This Row],[Time Actual]] -> 346.00551 | Q6: APTIV Man e Serv de Distr. Ltda | R6: =VLOOKUP(A:A,Vlookup!A:B,2,0) -> NB
A7: 876-VCK490 | B7: 45631 | C7: 45635 | D7: SOW | E7: 2024 | F7: 12 | G7: 5 | H7: 49 | I7: 1 | J7: Sietech | K7: Nelson Simoes | L7: Project Manager | M7: Alinhamento de Atividades com Parrillo | N7: 157 | O7: =ApprovedTimeReport_001_202508[[#This Row],[CostRate]]/0.9075 -> 173.00275 | P7: =ApprovedTimeReport_001_202508[[#This Row],[CostRate w/ Taxes]]*ApprovedTimeReport_001_202508[[#This Row],[Time Actual]] -> 173.00275 | Q7: Freudenberg Nok Comp Br Ltd | R7: =VLOOKUP(A:A,Vlookup!A:B,2,0) -> T&M
A8: 448-VCK494 | B8: 45631 | C8: 45635 | D8: SOW | E8: 2024 | F8: 12 | G8: 5 | H8: 49 | I8: 1 | J8: Sietech | K8: Nelson Simoes | L8: Program Manager | M8: Acompanhamento de demandas de desenvolvimento. | N8: 157 | O8: =ApprovedTimeReport_001_202508[[#This Row],[CostRate]]/0.9075 -> 173.00275 | P8: =ApprovedTimeReport_001_202508[[#This Row],[CostRate w/ Taxes]]*ApprovedTimeReport_001_202508[[#This Row],[Time Actual]] -> 173.00275 | Q8: HUF do Brasil Ltda | R8: =VLOOKUP(A:A,Vlookup!A:B,2,0) -> FF
A9: 448-VCK494 | B9: 45644 | C9: 45649 | D9: SOW | E9: 2024 | F9: 12 | G9: 18 | H9: 51 | I9: 1 | J9: Sietech | K9: Nelson Simoes | L9: Program Manager | M9: Planejamento de atividades de BPO | N9: 157 | O9: =ApprovedTimeReport_001_202508[[#This Row],[CostRate]]/0.9075 -> 173.00275 | P9: =ApprovedTimeReport_001_202508[[#This Row],[CostRate w/ Taxes]]*ApprovedTimeReport_001_202508[[#This Row],[Time Actual]] -> 173.00275 | Q9: HUF do Brasil Ltda | R9: =VLOOKUP(A:A,Vlookup!A:B,2,0) -> FF
A10: 826-VCK504 | B10: 45635 | C10: 45642 | D10: SOW | E10: 2024 | F10: 12 | G10: 9 | H10: 50 | I10: 1 | J10: Sietech | K10: Nelson Simoes | L10: Project Manager | M10: Alinhamento sobre upgrade Progress | N10: 157 | O10: =ApprovedTimeReport_001_202508[[#This Row],[CostRate]]/0.9075 -> 173.00275 | P10: =ApprovedTimeReport_001_202508[[#This Row],[CostRate w/ Taxes]]*ApprovedTimeReport_001_202508[[#This Row],[Time Actual]] -> 173.00275 | Q10: Mauser Do Brasil embalgens Ind S.A | R10: =VLOOKUP(A:A,Vlookup!A:B,2,0) -> T&M
A11: 484-VCK514 | B11: 45629 | C11: 45635 | D11: SOW | E11: 2024 | F11: 12 | G11: 3 | H11: 49 | I11: 1 | J11: Sietech | K11: Nelson Simoes | L11: Project Manager | M11: Revisão de demandas de BPO em Sprint de desenvolvimento. | N11: 157 | O11: =ApprovedTimeReport_001_202508[[#This Row],[CostRate]]/0.9075 -> 173.00275 | P11: =ApprovedTimeReport_001_202508[[#This Row],[CostRate w/ Taxes]]*ApprovedTimeReport_001_202508[[#This Row],[Time Actual]] -> 173.00275 | Q11: OXBO DO BRASIL EQUIPAMENTOS | R11: =VLOOKUP(A:A,Vlookup!A:B,2,0) -> FF
A12: 7956-VCK538 | B12: 45644 | C12: 45649 | D12: SOW | E12: 2024 | F12: 12 | G12: 18 | H12: 51 | I12: 2 | J12: Sietech | K12: Nelson Simoes | L12: Project Manager | M12: Planjamento e acompanhamento de esceução dos QSM | N12: 157 | O12: =ApprovedTimeReport_001_202508[[#This Row],[CostRate]]/0.9075 -> 173.00275 | P12: =ApprovedTimeReport_001_202508[[#This Row],[CostRate w/ Taxes]]*ApprovedTimeReport_001_202508[[#This Row],[Time Actual]] -> 346.00551 | Q12: Valmont Ind.e Com. Ltda | R12: =VLOOKUP(A:A,Vlookup!A:B,2,0) -> T&M
A13: NB-BPO e PMO | B13: 45642 | C13: 45649 | D13: SOW | E13: 2024 | F13: 12 | G13: 16 | H13: 51 | I13: 4 | J13: Sietech | K13: Nelson Simoes | L13: Program Manager | M13: Bitrix, revisão de material para site | N13: 86.43 | O13: =ApprovedTimeReport_001_202508[[#This Row],[CostRate]]/0.9075 -> 95.239669 | P13: =ApprovedTimeReport_001_202508[[#This Row],[CostRate w/ Taxes]]*ApprovedTimeReport_001_202508[[#This Row],[Time Actual]] -> 380.95868 | Q13: Vockan Consulting Ltda | R13: =VLOOKUP(A:A,Vlookup!A:B,2,0) -> NB
... A43: 4328-VCK1760 | B43: 45649 | C43: 45656 | D43: SOW | E43: 2024 | F43: 12 | G43: 23 | H43: 52 | I43: 1 | J43: Sietech | K43: Nelson Simoes | L43: Program Manager | M43: Alinhamento sobre mudanças de operação | N43: 157 | O43: =ApprovedTimeReport_001_202508[[#This Row],[CostRate]]/0.9075 -> 173.00275 | P43: =ApprovedTimeReport_001_202508[[#This Row],[CostRate w/ Taxes]]*ApprovedTimeReport_001_202508[[#This Row],[Time Actual]] -> 173.00275 | Q43: ZF Automotive Brasil Ltda | R43: =VLOOKUP(A:A,Vlookup!A:B,2,0) -> FF

Sheet Vlookup
A1: FunnelID | B1: Project Type
A2: 074-Vckadi | B2: FF
A3: 095-vckadi | B3: FF
A4: 128-VckAdi | B4: FF
A5: 806-Vck446 | B5: FF
A6: NB-Support | B6: NB
A7: 049-VckAmv | B7: FF
A8: 089-vckand | B8: FF
A9: A7lAPT28665 | B9: FF
A10: 131-VckAut | B10: T&M
A11: 010-VckBim | B11: T&M
A12: 068-vckcar | B12: T&M
... A128: 4776-VCK488 | B128: FF
