Workbook

Sheet Summary
A3: Rótulos de Linha | B3: Project Type | C3: Resource Name | D3: FunnelID | E3: CostRate w/ Taxes | F3: Soma de Time Actual | G3: Soma de Total Cost
A4: Sietech | B4: FF | C4: Nelson Simoes | D4: 448-VCK494 | E4: 173.00275 | F4: 1 | G4: 173.00275
D5: 480-VCK452 | E5: 173.00275 | F5: 3 | G5: 519.00826
D6: 484-VCK514 | E6: 173.00275 | F6: 1 | G6: 173.00275
B7: FF Total | F7: 5 | G7: 865.01377 | H7: BRP2341
B8: T&M | C8: Nelson Simoes | D8: 876-VCK490 | E8: 173.00275 | F8: 1 | G8: 173.00275
B9: T&M Total | F9: 1 | G9: 173.00275 | H9: BRP2342
B10: NB | C10: Nelson Simoes | D10: 968-vck452 | E10: 173.00275 | F10: 4 | G10: 692.01102
D11: NB-Consultoria-Tec&Dev | E11: 95.239669 | F11: 27 | G11: 2571.4711
E12: 110 | F12: 117 | G12: 12870
D13: NBP-PE-PLAN12 | E13: 110 | F13: 6 | G13: 660
D14: NB-Scrum-Dev | E14: 95.239669 | F14: 2 | G14: 190.47934
B15: NB Total | F15: 156 | G15: 16983.961 | H15: BRP2343
A16: Sietech Total | F16: 162 | G16: 18021.978
A17: Total Geral | F17: 162 | G17: 18021.978

Sheet Novembro 2024
A1: FunnelID | B1: Work Date | C1: Date TimeSheet | D1: CCID | E1: Year | F1: Month | G1: Day | H1: Week | I1: Time Actual | J1: Company | K1: Resource Name | L1: Role | M1: Comments | N1: CostRate | O1: CostRate w/ Taxes | P1: Total Cost | Q1: Customer Name | R1: Project Type
A2: 480-VCK452 | B2: 45624 | C2: 45628 | D2: SOW | E2: 2024 | F2: 11 | G2: 28 | H2: 48 | I2: 3 | J2: Sietech | K2: Nelson Simoes | L2: Program Manager | M2: Planejamento de ações pré fechamento anual, sprint de taskforce. | N2: 157 | O2: =ApprovedTimeReport_001_2024115__1[[#This Row],[CostRate]]/0.9075 -> 173.00275 | P2: =ApprovedTimeReport_001_2024115__1[[#This Row],[CostRate w/ Taxes]]*ApprovedTimeReport_001_2024115__1[[#This Row],[Time Actual]] -> 519.00826 | Q2: APTIV Man e Serv de Distr. Ltda | R2: =VLOOKUP(A:A,Vlookup!A:B,2,0) -> FF
A3: 968-vck452 | B3: 45624 | C3: 45628 | D3: SOW | E3: 2024 | F3: 11 | G3: 28 | H3: 48 | I3: 1 | J3: Sietech | K3: Nelson Simoes | L3: Project Manager | M3: Acompanhamento JIT | N3: 157 | O3: =ApprovedTimeReport_001_2024115__1[[#This Row],[CostRate]]/0.9075 -> 173.00275 | P3: =ApprovedTimeReport_001_2024115__1[[#This Row],[CostRate w/ Taxes]]*ApprovedTimeReport_001_2024115__1[[#This Row],[Time Actual]] -> 173.00275 | Q3: APTIV Man e Serv de Distr. Ltda | R3: =VLOOKUP(A:A,Vlookup!A:B,2,0) -> NB
A4: 968-vck452 | B4: 45601 | C4: 45607 | D4: SOW | E4: 2024 | F4: 11 | G4: 5 | H4: 45 | I4: 3 | J4: Sietech | K4: Nelson Simoes | L4: Project Manager | M4: FUP e planejamento de atividades, JIT, volume contratual, fundo de compbate a pobreza, Melhoria na tela 34.14.24.14, Melhorar log do programa 07nfetr1.p | N4: 157 | O4: =ApprovedTimeReport_001_2024115__1[[#This Row],[CostRate]]/0.9075 -> 173.00275 | P4: =ApprovedTimeReport_001_2024115__1[[#This Row],[CostRate w/ Taxes]]*ApprovedTimeReport_001_2024115__1[[#This Row],[Time Actual]] -> 519.00826 | Q4: APTIV Man e Serv de Distr. Ltda | R4: =VLOOKUP(A:A,Vlookup!A:B,2,0) -> NB
A5: 876-VCK490 | B5: 45600 | C5: 45607 | D5: SOW | E5: 2024 | F5: 11 | G5: 4 | H5: 45 | I5: 1 | J5: Sietech | K5: Nelson Simoes | L5: Project Manager | M5: Follow up de desenvolvimentos e planejamento de atividades para novembro. | N5: 157 | O5: =ApprovedTimeReport_001_2024115__1[[#This Row],[CostRate]]/0.9075 -> 173.00275 | P5: =ApprovedTimeReport_001_2024115__1[[#This Row],[CostRate w/ Taxes]]*ApprovedTimeReport_001_2024115__1[[#This Row],[Time Actual]] -> 173.00275 | Q5: Freudenberg Nok Comp Br Ltd | R5: =VLOOKUP(A:A,Vlookup!A:B,2,0) -> T&M
A6: 448-VCK494 | B6: 45604 | C6: 45607 | D6: SOW | E6: 2024 | F6: 11 | G6: 8 | H6: 45 | I6: 1 | J6: Sietech | K6: Nelson Simoes | L6: Program Manager | M6: Planejamento de atividade na sprint 19, priorização | N6: 157 | O6: =ApprovedTimeReport_001_2024115__1[[#This Row],[CostRate]]/0.9075 -> 173.00275 | P6: =ApprovedTimeReport_001_2024115__1[[#This Row],[CostRate w/ Taxes]]*ApprovedTimeReport_001_2024115__1[[#This Row],[Time Actual]] -> 173.00275 | Q6: HUF do Brasil Ltda | R6: =VLOOKUP(A:A,Vlookup!A:B,2,0) -> FF
A7: 484-VCK514 | B7: 45601 | C7: 45607 | D7: SOW | E7: 2024 | F7: 11 | G7: 5 | H7: 45 | I7: 1 | J7: Sietech | K7: Nelson Simoes | L7: Project Manager | M7: FUP de atividade vbpo-465 | N7: 157 | O7: =ApprovedTimeReport_001_2024115__1[[#This Row],[CostRate]]/0.9075 -> 173.00275 | P7: =ApprovedTimeReport_001_2024115__1[[#This Row],[CostRate w/ Taxes]]*ApprovedTimeReport_001_2024115__1[[#This Row],[Time Actual]] -> 173.00275 | Q7: OXBO DO BRASIL EQUIPAMENTOS | R7: =VLOOKUP(A:A,Vlookup!A:B,2,0) -> FF
A8: NB-Consultoria-Tec&Dev | B8: 45625 | C8: 45628 | D8: NB01 | E8: 2024 | F8: 11 | G8: 29 | H8: 48 | I8: 10 | J8: Sietech | K8: Nelson Simoes | L8: Program Manager | M8: Reunião com André para alinhamento de Bitrix, tratamento de cards, reunião com Fabricio sobre viagem, tratativas Autokiniton com cliente, Scrum | N8: 99.83 | O8: 110 | P8: =ApprovedTimeReport_001_2024115__1[[#This Row],[CostRate w/ Taxes]]*ApprovedTimeReport_001_2024115__1[[#This Row],[Time Actual]] -> 1100 | Q8: Vockan Consulting Ltda | R8: =VLOOKUP(A:A,Vlookup!A:B,2,0) -> NB
A9: NB-Consultoria-Tec&Dev | B9: 45624 | C9: 45628 | D9: NB01 | E9: 2024 | F9: 11 | G9: 28 | H9: 48 | I9: 3 | J9: Sietech | K9: Nelson Simoes | L9: Program Manager | M9: Entrevista com novos recursos, scrum, reunião com Clarios, FUP Tiago Semidei | N9: 99.83 | O9: 110 | P9: =ApprovedTimeReport_001_2024115__1[[#This Row],[CostRate w/ Taxes]]*ApprovedTimeReport_001_2024115__1[[#This Row],[Time Actual]] -> 330 | Q9: Vockan Consulting Ltda | R9: =VLOOKUP(A:A,Vlookup!A:B,2,0) -> NB
A10: NB-Consultoria-Tec&Dev | B10: 45623 | C10: 45628 | D10: NB01 | E10: 2024 | F10: 11 | G10: 27 | H10: 48 | I10: 8 | J10: Sietech | K10: Nelson Simoes | L10: Program Manager | M10: Reunião com Higo sobre Mario Bertachini, Solides - reunião sobre feedbacks, 1:1 André, Scrum, reunião Visteon | N10: 99.83 | O10: 110 | P10: =ApprovedTimeReport_001_2024115__1[[#This Row],[CostRate w/ Taxes]]*ApprovedTimeReport_001_2024115__1[[#This Row],[Time Actual]] -> 880 | Q10: Vockan Consulting Ltda | R10: =VLOOKUP(A:A,Vlookup!A:B,2,0) -> NB
A11: NB-Consultoria-Tec&Dev | B11: 45622 | C11: 45628 | D11: NB01 | E11: 2024 | F11: 11 | G11: 26 | H11: 48 | I11: 9 | J11: Sietech | K11: Nelson Simoes | L11: Program Manager | M11: Checkpoint Zeis, alinhamento com Guilherme, planejamento de treinamentos, revisão bitrix com André, reunião Progress, reunião sobre Casco, estimativa com Hilmar, scrum | N11: 99.83 | O11: 110 | P11: =ApprovedTimeReport_001_2024115__1[[#This Row],[CostRate w/ Taxes]]*ApprovedTimeReport_001_2024115__1[[#This Row],[Time Actual]] -> 990 | Q11: Vockan Consulting Ltda | R11: =VLOOKUP(A:A,Vlookup!A:B,2,0) -> NB
A12: NB-Consultoria-Tec&Dev | B12: 45621 | C12: 45628 | D12: NB01 | E12: 2024 | F12: 11 | G12: 25 | H12: 48 | I12: 8 | J12: Sietech | K12: Nelson Simoes | L12: Program Manager | M12: Alinhamento com Fábio e Hilmar, presencial, tratativas Autokiniton e Aptiv, planejamento de sprint 20 | N12: 99.83 | O12: 110 | P12: =ApprovedTimeReport_001_2024115__1[[#This Row],[CostRate w/ Taxes]]*ApprovedTimeReport_001_2024115__1[[#This Row],[Time Actual]] -> 880 | Q12: Vockan Consulting Ltda | R12: =VLOOKUP(A:A,Vlookup!A:B,2,0) -> NB
A13: NB-Consultoria-Tec&Dev | B13: 45618 | C13: 45621 | D13: NB01 | E13: 2024 | F13: 11 | G13: 22 | H13: 47 | I13: 11 | J13: Sietech | K13: Nelson Simoes | L13: Program Manager | M13: 1:1 Andre, alinhamento com Carla, Adium, Propostas, Alinhamento com sobre vbpo Adium, reunião com Hanon, Reunião de projetos | N13: 99.83 | O13: 110 | P13: =ApprovedTimeReport_001_2024115__1[[#This Row],[CostRate w/ Taxes]]*ApprovedTimeReport_001_2024115__1[[#This Row],[Time Actual]] -> 1210 | Q13: Vockan Consulting Ltda | R13: =VLOOKUP(A:A,Vlookup!A:B,2,0) -> NB
A14: NB-Consultoria-Tec&Dev | B14: 45617 | C14: 45621 | D14: NB01 | E14: 2024 | F14: 11 | G14: 21 | H14: 47 | I14: 7 | J14: Sietech | K14: Nelson Simoes | L14: Program Manager | M14: alinhamento zeiss, propostas Adium, capacitação exchange, avaliação - Bruno - com Luis, reunião com Cestari, alinhamento com Benedito | N14: 99.83 | O14: 110 | P14: =ApprovedTimeReport_001_2024115__1[[#This Row],[CostRate w/ Taxes]]*ApprovedTimeReport_001_2024115__1[[#This Row],[Time Actual]] -> 770 | Q14: Vockan Consulting Ltda | R14: =VLOOKUP(A:A,Vlookup!A:B,2,0) -> NB
A15: NB-Consultoria-Tec&Dev | B15: 45615 | C15: 45621 | D15: NB01 | E15: 2024 | F15: 11 | G15: 19 | H15: 47 | I15: 8 | J15: Sietech | K15: Nelson Simoes | L15: Program Manager | M15: alinhamento de demandas aptiv, fup oportunidades no Bitrix, fechamento de sprint 19, 1:1 Fabio, BPO operacional amvac | N15: 99.83 | O15: 110 | P15: =ApprovedTimeReport_001_2024115__1[[#This Row],[CostRate w/ Taxes]]*ApprovedTimeReport_001_2024115__1[[#This Row],[Time Actual]] -> 880 | Q15: Vockan Consulting Ltda | R15: =VLOOKUP(A:A,Vlookup!A:B,2,0) -> NB
A16: NB-Consultoria-Tec&Dev | B16: 45614 | C16: 45621 | D16: NB01 | E16: 2024 | F16: 11 | G16: 18 | H16: 47 | I16: 9 | J16: Sietech | K16: Nelson Simoes | L16: Program Manager | M16: Jit Aptiv, alinhamento, warroom autokiniton, scrum, alinhamento BPO, prioridades | N16: 99.83 | O16: 110 | P16: =ApprovedTimeReport_001_2024115__1[[#This Row],[CostRate w/ Taxes]]*ApprovedTimeReport_001_2024115__1[[#This Row],[Time Actual]] -> 990 | Q16: Vockan Consulting Ltda | R16: =VLOOKUP(A:A,Vlookup!A:B,2,0) -> NB
A17: NB-Consultoria-Tec&Dev | B17: 45610 | C17: 45614 | D17: NB01 | E17: 2024 | F17: 11 | G17: 14 | H17: 46 | I17: 7 | J17: Sietech | K17: Nelson Simoes | L17: Program Manager | M17: Tratamento de Issues Autokiniton, Horas Amvac com Fabio e Nayara, scrum, reunião Smithsm alinhamento com Andre | N17: 99.83 | O17: 110 | P17: =ApprovedTimeReport_001_2024115__1[[#This Row],[CostRate w/ Taxes]]*ApprovedTimeReport_001_2024115__1[[#This Row],[Time Actual]] -> 770 | Q17: Vockan Consulting Ltda | R17: =VLOOKUP(A:A,Vlookup!A:B,2,0) -> NB
A18: NB-Consultoria-Tec&Dev | B18: 45609 | C18: 45614 | D18: SOW | E18: 2024 | F18: 11 | G18: 13 | H18: 46 | I18: 10 | J18: Sietech | K18: Nelson Simoes | L18: Project Manager | M18: Bitrix, Projetos BPO com Daneil, 1:1 André, scrum | N18: 86.43 | O18: =ApprovedTimeReport_001_2024115__1[[#This Row],[CostRate]]/0.9075 -> 95.239669 | P18: =ApprovedTimeReport_001_2024115__1[[#This Row],[CostRate w/ Taxes]]*ApprovedTimeReport_001_2024115__1[[#This Row],[Time Actual]] -> 952.39669 | Q18: Vockan Consulting Ltda | R18: =VLOOKUP(A:A,Vlookup!A:B,2,0) -> NB
A19: NB-Consultoria-Tec&Dev | B19: 45608 | C19: 45614 | D19: SOW | E19: 2024 | F19: 11 | G19: 12 | H19: 46 | I19: 8 | J19: Sietech | K19: Nelson Simoes | L19: Project Manager | M19: Propostas Adium, visteon e valmont, oportunidades comerciais com Andre, 1:1 Fabio, scrum, alinhamento com Hilmar, alinhamento com Leandro | N19: 86.43 | O19: =ApprovedTimeReport_001_2024115__1[[#This Row],[CostRate]]/0.9075 -> 95.239669 | P19: =ApprovedTimeReport_001_2024115__1[[#This Row],[CostRate w/ Taxes]]*ApprovedTimeReport_001_2024115__1[[#This Row],[Time Actual]] -> 761.91736 | Q19: Vockan Consulting Ltda | R19: =VLOOKUP(A:A,Vlookup!A:B,2,0) -> NB
A20: NB-Consultoria-Tec&Dev | B20: 45607 | C20: 45614 | D20: SOW | E20: 2024 | F20: 11 | G20: 11 | H20: 46 | I20: 9 | J20: Sietech | K20: Nelson Simoes | L20: Project Manager | M20: Bitrix, reunião com Hilmar, Horas Kauane, alinhamento ZF, scrum, reunião presencial Adium, governança v-control | N20: 86.43 | O20: =ApprovedTimeReport_001_2024115__1[[#This Row],[CostRate]]/0.9075 -> 95.239669 | P20: =ApprovedTimeReport_001_2024115__1[[#This Row],[CostRate w/ Taxes]]*ApprovedTimeReport_001_2024115__1[[#This Row],[Time Actual]] -> 857.15702 | Q20: Vockan Consulting Ltda | R20: =VLOOKUP(A:A,Vlookup!A:B,2,0) -> NB
A21: NB-Consultoria-Tec&Dev | B21: 45604 | C21: 45607 | D21: NB01 | E21: 2024 | F21: 11 | G21: 8 | H21: 45 | I21: 7 | J21: Sietech | K21: Nelson Simoes | L21: Program Manager | M21: Tratamento de propostas - Fup Bitrix, Scrum, Tratamento DEV sobre estimativas e painel de contações | N21: 99.83 | O21: 110 | P21: =ApprovedTimeReport_001_2024115__1[[#This Row],[CostRate w/ Taxes]]*ApprovedTimeReport_001_2024115__1[[#This Row],[Time Actual]] -> 770 | Q21: Vockan Consulting Ltda | R21: =VLOOKUP(A:A,Vlookup!A:B,2,0) -> NB
A22: NB-Consultoria-Tec&Dev | B22: 45603 | C22: 45607 | D22: NB01 | E22: 2024 | F22: 11 | G22: 7 | H22: 45 | I22: 7 | J22: Sietech | K22: Nelson Simoes | L22: Program Manager | M22: Alinhamento de propostas Valmont, tratamento de isseus Autokiniton, reunião com cliente sobre volume contratual Aptiv, scrum, bitrix, propostas | N22: 99.83 | O22: 110 | P22: =ApprovedTimeReport_001_2024115__1[[#This Row],[CostRate w/ Taxes]]*ApprovedTimeReport_001_2024115__1[[#This Row],[Time Actual]] -> 770 | Q22: Vockan Consulting Ltda | R22: =VLOOKUP(A:A,Vlookup!A:B,2,0) -> NB
A23: NB-Consultoria-Tec&Dev | B23: 45602 | C23: 45607 | D23: NB01 | E23: 2024 | F23: 11 | G23: 6 | H23: 45 | I23: 4 | J23: Sietech | K23: Nelson Simoes | L23: Program Manager | M23: 1:1 Andre, Autokiniton - Issues Marcia, alinhamento com Parpinelli, reunião sobre Tiago Semidei | N23: 99.83 | O23: 110 | P23: =ApprovedTimeReport_001_2024115__1[[#This Row],[CostRate w/ Taxes]]*ApprovedTimeReport_001_2024115__1[[#This Row],[Time Actual]] -> 440 | Q23: Vockan Consulting Ltda | R23: =VLOOKUP(A:A,Vlookup!A:B,2,0) -> NB
A24: NB-Consultoria-Tec&Dev | B24: 45601 | C24: 45607 | D24: NB01 | E24: 2024 | F24: 11 | G24: 5 | H24: 45 | I24: 4 | J24: Sietech | K24: Nelson Simoes | L24: Program Manager | M24: Tratamento de issues Autokiniton, oportunidades bitrix com André, 1:1 Fabio | N24: 99.83 | O24: 110 | P24: =ApprovedTimeReport_001_2024115__1[[#This Row],[CostRate w/ Taxes]]*ApprovedTimeReport_001_2024115__1[[#This Row],[Time Actual]] -> 440 | Q24: Vockan Consulting Ltda | R24: =VLOOKUP(A:A,Vlookup!A:B,2,0) -> NB
A25: NB-Consultoria-Tec&Dev | B25: 45600 | C25: 45607 | D25: NB01 | E25: 2024 | F25: 11 | G25: 4 | H25: 45 | I25: 7 | J25: Sietech | K25: Nelson Simoes | L25: Program Manager | M25: Alinhamento de atividades TEC, reunião sobre horas da Kauane, alinhamento com Hilmar, scrum | N25: 99.83 | O25: 110 | P25: =ApprovedTimeReport_001_2024115__1[[#This Row],[CostRate w/ Taxes]]*ApprovedTimeReport_001_2024115__1[[#This Row],[Time Actual]] -> 770 | Q25: Vockan Consulting Ltda | R25: =VLOOKUP(A:A,Vlookup!A:B,2,0) -> NB
A26: NB-Consultoria-Tec&Dev | B26: 45597 | C26: 45601 | D26: NB01 | E26: 2024 | F26: 11 | G26: 1 | H26: 44 | I26: 8 | J26: Sietech | K26: Nelson Simoes | L26: Program Manager | M26: Preparação de reunião gerencial, alinhamento AMVAC, reunião gerencia, reunião com Fábio | N26: 99.83 | O26: 110 | P26: =ApprovedTimeReport_001_2024115__1[[#This Row],[CostRate w/ Taxes]]*ApprovedTimeReport_001_2024115__1[[#This Row],[Time Actual]] -> 880 | Q26: Vockan Consulting Ltda | R26: =VLOOKUP(A:A,Vlookup!A:B,2,0) -> NB
A27: NBP-PE-PLAN12 | B27: 45624 | C27: 45628 | D27: SOW | E27: 2024 | F27: 11 | G27: 28 | H27: 48 | I27: 1 | J27: Sietech | K27: Nelson Simoes | L27: Project Manager | M27: Sprint semanal | N27: 99.83 | O27: 110 | P27: =ApprovedTimeReport_001_2024115__1[[#This Row],[CostRate w/ Taxes]]*ApprovedTimeReport_001_2024115__1[[#This Row],[Time Actual]] -> 110 | Q27: Vockan Consulting Ltda | R27: =VLOOKUP(A:A,Vlookup!A:B,2,0) -> NB
A28: NBP-PE-PLAN12 | B28: 45617 | C28: 45621 | D28: SOW | E28: 2024 | F28: 11 | G28: 21 | H28: 47 | I28: 1 | J28: Sietech | K28: Nelson Simoes | L28: Project Manager | M28: sprint semanal, bpo operacional | N28: 99.83 | O28: 110 | P28: =ApprovedTimeReport_001_2024115__1[[#This Row],[CostRate w/ Taxes]]*ApprovedTimeReport_001_2024115__1[[#This Row],[Time Actual]] -> 110 | Q28: Vockan Consulting Ltda | R28: =VLOOKUP(A:A,Vlookup!A:B,2,0) -> NB
A29: NBP-PE-PLAN12 | B29: 45610 | C29: 45614 | D29: SOW | E29: 2024 | F29: 11 | G29: 14 | H29: 46 | I29: 1 | J29: Sietech | K29: Nelson Simoes | L29: Project Manager | M29: Sprint Semanal BPO Operacional | N29: 99.83 | O29: 110 | P29: =ApprovedTimeReport_001_2024115__1[[#This Row],[CostRate w/ Taxes]]*ApprovedTimeReport_001_2024115__1[[#This Row],[Time Actual]] -> 110 | Q29: Vockan Consulting Ltda | R29: =VLOOKUP(A:A,Vlookup!A:B,2,0) -> NB
A30: NBP-PE-PLAN12 | B30: 45603 | C30: 45607 | D30: SOW | E30: 2024 | F30: 11 | G30: 7 | H30: 45 | I30: 1 | J30: Sietech | K30: Nelson Simoes | L30: Project Manager | M30: Sprint semanal com Exchange | N30: 99.83 | O30: 110 | P30: =ApprovedTimeReport_001_2024115__1[[#This Row],[CostRate w/ Taxes]]*ApprovedTimeReport_001_2024115__1[[#This Row],[Time Actual]] -> 110 | Q30: Vockan Consulting Ltda | R30: =VLOOKUP(A:A,Vlookup!A:B,2,0) -> NB
A31: NBP-PE-PLAN12 | B31: 45602 | C31: 45607 | D31: SOW | E31: 2024 | F31: 11 | G31: 6 | H31: 45 | I31: 2 | J31: Sietech | K31: Nelson Simoes | L31: Project Manager | M31: Reunião com exchange sobre base de clientes, preparação de roteiro BPO operacional | N31: 99.83 | O31: 110 | P31: =ApprovedTimeReport_001_2024115__1[[#This Row],[CostRate w/ Taxes]]*ApprovedTimeReport_001_2024115__1[[#This Row],[Time Actual]] -> 220 | Q31: Vockan Consulting Ltda | R31: =VLOOKUP(A:A,Vlookup!A:B,2,0) -> NB
A32: NB-Scrum-Dev | B32: 45602 | C32: 45607 | D32: SOW | E32: 2024 | F32: 11 | G32: 6 | H32: 45 | I32: 2 | J32: Sietech | K32: Nelson Simoes | L32: Program Manager | M32: Planejamento de sprint 19 | N32: 86.43 | O32: =ApprovedTimeReport_001_2024115__1[[#This Row],[CostRate]]/0.9075 -> 95.239669 | P32: =ApprovedTimeReport_001_2024115__1[[#This Row],[CostRate w/ Taxes]]*ApprovedTimeReport_001_2024115__1[[#This Row],[Time Actual]] -> 190.47934 | Q32: Vockan Consulting Ltda | R32: =VLOOKUP(A:A,Vlookup!A:B,2,0) -> NB

Sheet Vlookup
A1: FunnelID | B1: Project Type
A2: 074-Vckadi | B2: FF
A3: 095-vckadi | B3: FF
A4: 128-VckAdi | B4: FF
A5: 806-Vck446 | B5: FF
A6: NB-Support | B6: NB
A7: 049-VckAmv | B7: FF
A8: 089-vckand | B8: FF
A9: A7lAPT28665 | B9: FF
A10: 131-VckAut | B10: T&M
A11: 010-VckBim | B11: T&M
A12: 068-vckcar | B12: T&M
... A119: 872-VCK478 | B119: FF
