Workbook

Sheet Summary
A3: Rótulos de Linha | B3: Project Type | C3: Resource Name | D3: FunnelID | E3: CostRate (w/ Taxes) | F3: Soma de Time Actual | G3: Soma de Total Cost
A4: Sietech | B4: FF | C4: Nelson Simoes | D4: 043-VckHuf | E4: 173.00275 | F4: 2 | G4: 346.00551
D5: 406-VCK498 | E5: 173.00275 | F5: 2 | G5: 346.00551
D6: 434-VCK448 | E6: 173.00275 | F6: 5 | G6: 865.01377
D7: A7lAPT28665 | E7: 173.00275 | F7: 6 | G7: 1038.0165
B8: FF Total | F8: 15 | G8: 2595.0413 | H8: BRP2131
B9: T&M | C9: Nelson Simoes | D9: 876-VCK490 | E9: 173.00275 | F9: 1 | G9: 173.00275
B10: T&M Total | F10: 1 | G10: 173.00275 | H10: BRP2132
B11: NB | C11: Nelson Simoes | D11: NB-Consultoria-Tec&Dev | E11: 110 | F11: 134 | G11: 14740
D12: NBP-PE-PLAN10 | E12: 110 | F12: 12 | G12: 1320
D13: NBP-PE-PLAN12 | E13: 110 | F13: 4 | G13: 440
D14: NBP-PE-PLAN23 | E14: 173.00275 | F14: 10 | G14: 1730.0275
D15: NB-Scrum-Dev | E15: 95.239669 | F15: 4 | G15: 380.95868
B16: NB Total | F16: 164 | G16: 18610.986 | H16: BRP2133
A17: Sietech Total | F17: 180 | G17: 21379.03
A18: Total Geral | F18: 180 | G18: 21379.03

Sheet Julho 2024
A1: FunnelID | B1: Work Date | C1: Date TimeSheet | D1: CCID | E1: Year | F1: Month | G1: Day | H1: Week | I1: Time Actual | J1: Company | K1: Resource Name | L1: Role | M1: Comments | N1: CostRate | O1: CostRate (w/ Taxes) | P1: Total Cost | Q1: Customer Name | R1: Project Type
A2: 434-VCK448 | B2: 45496 | C2: 45505 | D2: SOW | E2: 2024 | F2: 7 | G2: 23 | H2: 30 | I2: 1 | J2: Sietech | K2: Nelson Simoes | L2: Project Manager | M2: Primeiro faturamento Agric em prod | N2: 157 | O2: =ApprovedTimeReport_002_202476[[#This Row],[CostRate]]/0.9075 -> 173.00275 | P2: =ApprovedTimeReport_002_202476[[#This Row],[CostRate (w/ Taxes)]]*ApprovedTimeReport_002_202476[[#This Row],[Time Actual]] -> 173.00275 | Q2: AMVAC do Brasil Representacoes | R2: =VLOOKUP(A:A,Vlookup!A:B,2,0) -> FF
A3: 434-VCK448 | B3: 45488 | C3: 45505 | D3: SOW | E3: 2024 | F3: 7 | G3: 15 | H3: 29 | I3: 1 | J3: Sietech | K3: Nelson Simoes | L3: Project Manager | M3: Alinhamento Agric testes e conversão | N3: 157 | O3: =ApprovedTimeReport_002_202476[[#This Row],[CostRate]]/0.9075 -> 173.00275 | P3: =ApprovedTimeReport_002_202476[[#This Row],[CostRate (w/ Taxes)]]*ApprovedTimeReport_002_202476[[#This Row],[Time Actual]] -> 173.00275 | Q3: AMVAC do Brasil Representacoes | R3: =VLOOKUP(A:A,Vlookup!A:B,2,0) -> FF
A4: 434-VCK448 | B4: 45477 | C4: 45505 | D4: SOW | E4: 2024 | F4: 7 | G4: 4 | H4: 27 | I4: 2 | J4: Sietech | K4: Nelson Simoes | L4: Project Manager | M4: Checkpoint de acompanhamento dos Testes Agric, alinhamento com cliente e equipe sobre migração Agric para versão 2022. | N4: 157 | O4: =ApprovedTimeReport_002_202476[[#This Row],[CostRate]]/0.9075 -> 173.00275 | P4: =ApprovedTimeReport_002_202476[[#This Row],[CostRate (w/ Taxes)]]*ApprovedTimeReport_002_202476[[#This Row],[Time Actual]] -> 346.00551 | Q4: AMVAC do Brasil Representacoes | R4: =VLOOKUP(A:A,Vlookup!A:B,2,0) -> FF
A5: 434-VCK448 | B5: 45476 | C5: 45505 | D5: SOW | E5: 2024 | F5: 7 | G5: 3 | H5: 27 | I5: 1 | J5: Sietech | K5: Nelson Simoes | L5: Project Manager | M5: Planejamento de atividade OD 183 e tratativas de suporte ao BPO | N5: 157 | O5: =ApprovedTimeReport_002_202476[[#This Row],[CostRate]]/0.9075 -> 173.00275 | P5: =ApprovedTimeReport_002_202476[[#This Row],[CostRate (w/ Taxes)]]*ApprovedTimeReport_002_202476[[#This Row],[Time Actual]] -> 173.00275 | Q5: AMVAC do Brasil Representacoes | R5: =VLOOKUP(A:A,Vlookup!A:B,2,0) -> FF
A6: A7lAPT28665 | B6: 45504 | C6: 45505 | D6: CO05 | E6: 2024 | F6: 7 | G6: 31 | H6: 31 | I6: 2 | J6: Sietech | K6: Nelson Simoes | L6: Project Manager | M6: Planejamento de atividades para sprint 12, OD 402, 403, 406, 407, 391, 268, 354 | N6: 157 | O6: =ApprovedTimeReport_002_202476[[#This Row],[CostRate]]/0.9075 -> 173.00275 | P6: =ApprovedTimeReport_002_202476[[#This Row],[CostRate (w/ Taxes)]]*ApprovedTimeReport_002_202476[[#This Row],[Time Actual]] -> 346.00551 | Q6: APTIV Man e Serv de Distr. Ltda | R6: =VLOOKUP(A:A,Vlookup!A:B,2,0) -> FF
A7: A7lAPT28665 | B7: 45490 | C7: 45505 | D7: CO05 | E7: 2024 | F7: 7 | G7: 17 | H7: 29 | I7: 1 | J7: Sietech | K7: Nelson Simoes | L7: Project Manager | M7: Planejamento de itens para Sprint 11, OD 303, 205, 321 | N7: 157 | O7: =ApprovedTimeReport_002_202476[[#This Row],[CostRate]]/0.9075 -> 173.00275 | P7: =ApprovedTimeReport_002_202476[[#This Row],[CostRate (w/ Taxes)]]*ApprovedTimeReport_002_202476[[#This Row],[Time Actual]] -> 173.00275 | Q7: APTIV Man e Serv de Distr. Ltda | R7: =VLOOKUP(A:A,Vlookup!A:B,2,0) -> FF
A8: A7lAPT28665 | B8: 45489 | C8: 45505 | D8: CO05 | E8: 2024 | F8: 7 | G8: 16 | H8: 29 | I8: 1 | J8: Sietech | K8: Nelson Simoes | L8: Project Manager | M8: Tratamento de chamados OD 268, 207, 115 | N8: 157 | O8: =ApprovedTimeReport_002_202476[[#This Row],[CostRate]]/0.9075 -> 173.00275 | P8: =ApprovedTimeReport_002_202476[[#This Row],[CostRate (w/ Taxes)]]*ApprovedTimeReport_002_202476[[#This Row],[Time Actual]] -> 173.00275 | Q8: APTIV Man e Serv de Distr. Ltda | R8: =VLOOKUP(A:A,Vlookup!A:B,2,0) -> FF
A9: A7lAPT28665 | B9: 45476 | C9: 45505 | D9: CO05 | E9: 2024 | F9: 7 | G9: 3 | H9: 27 | I9: 1 | J9: Sietech | K9: Nelson Simoes | L9: Project Manager | M9: Planejamento de atividades OD 323, 115 e 374 | N9: 157 | O9: =ApprovedTimeReport_002_202476[[#This Row],[CostRate]]/0.9075 -> 173.00275 | P9: =ApprovedTimeReport_002_202476[[#This Row],[CostRate (w/ Taxes)]]*ApprovedTimeReport_002_202476[[#This Row],[Time Actual]] -> 173.00275 | Q9: APTIV Man e Serv de Distr. Ltda | R9: =VLOOKUP(A:A,Vlookup!A:B,2,0) -> FF
A10: A7lAPT28665 | B10: 45475 | C10: 45505 | D10: CO05 | E10: 2024 | F10: 7 | G10: 2 | H10: 27 | I10: 1 | J10: Sietech | K10: Nelson Simoes | L10: Project Manager | M10: Tratamento de chamados OD 362 e 363. | N10: 157 | O10: =ApprovedTimeReport_002_202476[[#This Row],[CostRate]]/0.9075 -> 173.00275 | P10: =ApprovedTimeReport_002_202476[[#This Row],[CostRate (w/ Taxes)]]*ApprovedTimeReport_002_202476[[#This Row],[Time Actual]] -> 173.00275 | Q10: APTIV Man e Serv de Distr. Ltda | R10: =VLOOKUP(A:A,Vlookup!A:B,2,0) -> FF
A11: 876-VCK490 | B11: 45475 | C11: 45505 | D11: SOW | E11: 2024 | F11: 7 | G11: 2 | H11: 27 | I11: 1 | J11: Sietech | K11: Nelson Simoes | L11: Project Manager | M11: Alinhamento de atividades para suporte de desenvolvimento juntamente com Parrillo | N11: 157 | O11: =ApprovedTimeReport_002_202476[[#This Row],[CostRate]]/0.9075 -> 173.00275 | P11: =ApprovedTimeReport_002_202476[[#This Row],[CostRate (w/ Taxes)]]*ApprovedTimeReport_002_202476[[#This Row],[Time Actual]] -> 173.00275 | Q11: Freudenberg Nok Comp Br Ltd | R11: =VLOOKUP(A:A,Vlookup!A:B,2,0) -> T&M
A12: 043-VckHuf | B12: 45490 | C12: 45505 | D12: SOW | E12: 2024 | F12: 7 | G12: 17 | H12: 29 | I12: 1 | J12: Sietech | K12: Nelson Simoes | L12: Project Manager | M12: Tratamento de itens na Sprint 10, OD 344, 346 | N12: 157 | O12: =ApprovedTimeReport_002_202476[[#This Row],[CostRate]]/0.9075 -> 173.00275 | P12: =ApprovedTimeReport_002_202476[[#This Row],[CostRate (w/ Taxes)]]*ApprovedTimeReport_002_202476[[#This Row],[Time Actual]] -> 173.00275 | Q12: HUF do Brasil Ltda | R12: =VLOOKUP(A:A,Vlookup!A:B,2,0) -> FF
A13: 043-VckHuf | B13: 45476 | C13: 45505 | D13: SOW | E13: 2024 | F13: 7 | G13: 3 | H13: 27 | I13: 1 | J13: Sietech | K13: Nelson Simoes | L13: Project Manager | M13: Planejamento de atividade OD 17 e 346 | N13: 157 | O13: =ApprovedTimeReport_002_202476[[#This Row],[CostRate]]/0.9075 -> 173.00275 | P13: =ApprovedTimeReport_002_202476[[#This Row],[CostRate (w/ Taxes)]]*ApprovedTimeReport_002_202476[[#This Row],[Time Actual]] -> 173.00275 | Q13: HUF do Brasil Ltda | R13: =VLOOKUP(A:A,Vlookup!A:B,2,0) -> FF
A14: 406-VCK498 | B14: 45504 | C14: 45505 | D14: SOW | E14: 2024 | F14: 7 | G14: 31 | H14: 31 | I14: 2 | J14: Sietech | K14: Nelson Simoes | L14: Program Manager | M14: Planejamento de atividades para Sprint 12, OD 322, 355, 405 | N14: 157 | O14: =ApprovedTimeReport_002_202476[[#This Row],[CostRate]]/0.9075 -> 173.00275 | P14: =ApprovedTimeReport_002_202476[[#This Row],[CostRate (w/ Taxes)]]*ApprovedTimeReport_002_202476[[#This Row],[Time Actual]] -> 346.00551 | Q14: Joyson safety System Brasil Ltda | R14: =VLOOKUP(A:A,Vlookup!A:B,2,0) -> FF
A15: NB-Consultoria-Tec&Dev | B15: 45504 | C15: 45505 | D15: NB01 | E15: 2024 | F15: 7 | G15: 31 | H15: 31 | I15: 4 | J15: Sietech | K15: Nelson Simoes | L15: Program Manager | M15: Planejamento Sprint 12, 1:1 Andre | N15: 99.83 | O15: 110 | P15: =ApprovedTimeReport_002_202476[[#This Row],[CostRate (w/ Taxes)]]*ApprovedTimeReport_002_202476[[#This Row],[Time Actual]] -> 440 | Q15: Vockan Consulting Ltda | R15: =VLOOKUP(A:A,Vlookup!A:B,2,0) -> NB
A16: NB-Consultoria-Tec&Dev | B16: 45503 | C16: 45505 | D16: NB01 | E16: 2024 | F16: 7 | G16: 30 | H16: 31 | I16: 6 | J16: Sietech | K16: Nelson Simoes | L16: Program Manager | M16: Fechamento de sprint 11, alinhamento com BPO, alinhamento sobre açoes comerciais com Andre | N16: 99.83 | O16: 110 | P16: =ApprovedTimeReport_002_202476[[#This Row],[CostRate (w/ Taxes)]]*ApprovedTimeReport_002_202476[[#This Row],[Time Actual]] -> 660 | Q16: Vockan Consulting Ltda | R16: =VLOOKUP(A:A,Vlookup!A:B,2,0) -> NB
A17: NB-Consultoria-Tec&Dev | B17: 45502 | C17: 45505 | D17: NB01 | E17: 2024 | F17: 7 | G17: 29 | H17: 31 | I17: 8 | J17: Sietech | K17: Nelson Simoes | L17: Program Manager | M17: 1:1 André, Alinhamento TEC, Scrum dev | N17: 99.83 | O17: 110 | P17: =ApprovedTimeReport_002_202476[[#This Row],[CostRate (w/ Taxes)]]*ApprovedTimeReport_002_202476[[#This Row],[Time Actual]] -> 880 | Q17: Vockan Consulting Ltda | R17: =VLOOKUP(A:A,Vlookup!A:B,2,0) -> NB
A18: NB-Consultoria-Tec&Dev | B18: 45499 | C18: 45505 | D18: NB01 | E18: 2024 | F18: 7 | G18: 26 | H18: 30 | I18: 8 | J18: Sietech | K18: Nelson Simoes | L18: Program Manager | M18: Modelo de trabalho SQUAD Produtos, alinhamento sobre mundanças de contrato para BPO Operacional com Alan, Scrum dev | N18: 99.83 | O18: 110 | P18: =ApprovedTimeReport_002_202476[[#This Row],[CostRate (w/ Taxes)]]*ApprovedTimeReport_002_202476[[#This Row],[Time Actual]] -> 880 | Q18: Vockan Consulting Ltda | R18: =VLOOKUP(A:A,Vlookup!A:B,2,0) -> NB
A19: NB-Consultoria-Tec&Dev | B19: 45498 | C19: 45505 | D19: NB01 | E19: 2024 | F19: 7 | G19: 25 | H19: 30 | I19: 4 | J19: Sietech | K19: Nelson Simoes | L19: Program Manager | M19: Alinhamento com Aptiv e BPO, reunião TEC, Scrum dev | N19: 99.83 | O19: 110 | P19: =ApprovedTimeReport_002_202476[[#This Row],[CostRate (w/ Taxes)]]*ApprovedTimeReport_002_202476[[#This Row],[Time Actual]] -> 440 | Q19: Vockan Consulting Ltda | R19: =VLOOKUP(A:A,Vlookup!A:B,2,0) -> NB
A20: NB-Consultoria-Tec&Dev | B20: 45497 | C20: 45505 | D20: NB01 | E20: 2024 | F20: 7 | G20: 24 | H20: 30 | I20: 6 | J20: Sietech | K20: Nelson Simoes | L20: Program Manager | M20: Alinhamento com MKT, Scrum, Alinhamento DEV | N20: 99.83 | O20: 110 | P20: =ApprovedTimeReport_002_202476[[#This Row],[CostRate (w/ Taxes)]]*ApprovedTimeReport_002_202476[[#This Row],[Time Actual]] -> 660 | Q20: Vockan Consulting Ltda | R20: =VLOOKUP(A:A,Vlookup!A:B,2,0) -> NB
A21: NB-Consultoria-Tec&Dev | B21: 45496 | C21: 45505 | D21: NB01 | E21: 2024 | F21: 7 | G21: 23 | H21: 30 | I21: 7 | J21: Sietech | K21: Nelson Simoes | L21: Program Manager | M21: Capacitação Exchange, Stellantis - Reunião, Alinhamento TEC, Alinhamento com Thiago | N21: 99.83 | O21: 110 | P21: =ApprovedTimeReport_002_202476[[#This Row],[CostRate (w/ Taxes)]]*ApprovedTimeReport_002_202476[[#This Row],[Time Actual]] -> 770 | Q21: Vockan Consulting Ltda | R21: =VLOOKUP(A:A,Vlookup!A:B,2,0) -> NB
A22: NB-Consultoria-Tec&Dev | B22: 45495 | C22: 45505 | D22: NB01 | E22: 2024 | F22: 7 | G22: 22 | H22: 30 | I22: 8 | J22: Sietech | K22: Nelson Simoes | L22: Program Manager | M22: V-control, Visita a ZF em Limeira | N22: 99.83 | O22: 110 | P22: =ApprovedTimeReport_002_202476[[#This Row],[CostRate (w/ Taxes)]]*ApprovedTimeReport_002_202476[[#This Row],[Time Actual]] -> 880 | Q22: Vockan Consulting Ltda | R22: =VLOOKUP(A:A,Vlookup!A:B,2,0) -> NB
A23: NB-Consultoria-Tec&Dev | B23: 45492 | C23: 45505 | D23: NB01 | E23: 2024 | F23: 7 | G23: 19 | H23: 29 | I23: 8 | J23: Sietech | K23: Nelson Simoes | L23: Program Manager | M23: Bitrix, V-control, Alinhamento BPO - Agilista, Alinhamento com Fábio, Propostas BPO | N23: 99.83 | O23: 110 | P23: =ApprovedTimeReport_002_202476[[#This Row],[CostRate (w/ Taxes)]]*ApprovedTimeReport_002_202476[[#This Row],[Time Actual]] -> 880 | Q23: Vockan Consulting Ltda | R23: =VLOOKUP(A:A,Vlookup!A:B,2,0) -> NB
A24: NB-Consultoria-Tec&Dev | B24: 45491 | C24: 45505 | D24: NB01 | E24: 2024 | F24: 7 | G24: 18 | H24: 29 | I24: 4 | J24: Sietech | K24: Nelson Simoes | L24: Program Manager | M24: Reunião Stellantis, Scrum dev, alinhamento Amvac | N24: 99.83 | O24: 110 | P24: =ApprovedTimeReport_002_202476[[#This Row],[CostRate (w/ Taxes)]]*ApprovedTimeReport_002_202476[[#This Row],[Time Actual]] -> 440 | Q24: Vockan Consulting Ltda | R24: =VLOOKUP(A:A,Vlookup!A:B,2,0) -> NB
A25: NB-Consultoria-Tec&Dev | B25: 45490 | C25: 45505 | D25: NB01 | E25: 2024 | F25: 7 | G25: 17 | H25: 29 | I25: 4 | J25: Sietech | K25: Nelson Simoes | L25: Program Manager | M25: Alinhamento DEV e TEC | N25: 99.83 | O25: 110 | P25: =ApprovedTimeReport_002_202476[[#This Row],[CostRate (w/ Taxes)]]*ApprovedTimeReport_002_202476[[#This Row],[Time Actual]] -> 440 | Q25: Vockan Consulting Ltda | R25: =VLOOKUP(A:A,Vlookup!A:B,2,0) -> NB
A26: NB-Consultoria-Tec&Dev | B26: 45489 | C26: 45505 | D26: NB01 | E26: 2024 | F26: 7 | G26: 16 | H26: 29 | I26: 5 | J26: Sietech | K26: Nelson Simoes | L26: Program Manager | M26: Alinhamento BPO | N26: 99.83 | O26: 110 | P26: =ApprovedTimeReport_002_202476[[#This Row],[CostRate (w/ Taxes)]]*ApprovedTimeReport_002_202476[[#This Row],[Time Actual]] -> 550 | Q26: Vockan Consulting Ltda | R26: =VLOOKUP(A:A,Vlookup!A:B,2,0) -> NB
... A43: NBP-PE-PLAN12 | B43: 45481 | C43: 45505 | D43: SOW | E43: 2024 | F43: 7 | G43: 8 | H43: 28 | I43: 2 | J43: Sietech | K43: Nelson Simoes | L43: Project Manager | M43: Revisão de Material comercial - PPTs | N43: 99.83 | O43: 110 | P43: =ApprovedTimeReport_002_202476[[#This Row],[CostRate (w/ Taxes)]]*ApprovedTimeReport_002_202476[[#This Row],[Time Actual]] -> 220 | Q43: Vockan Consulting Ltda | R43: =VLOOKUP(A:A,Vlookup!A:B,2,0) -> NB
A44: NBP-PE-PLAN23 | B44: 45482 | C44: 45505 | D44: SOW | E44: 2024 | F44: 7 | G44: 9 | H44: 28 | I44: 6 | J44: Sietech | K44: Nelson Simoes | L44: Project Manager | M44: Definição de hierarquia de ofertas de DEV e TEC | N44: 157 | O44: =ApprovedTimeReport_002_202476[[#This Row],[CostRate]]/0.9075 -> 173.00275 | P44: =ApprovedTimeReport_002_202476[[#This Row],[CostRate (w/ Taxes)]]*ApprovedTimeReport_002_202476[[#This Row],[Time Actual]] -> 1038.0165 | Q44: Vockan Consulting Ltda | R44: =VLOOKUP(A:A,Vlookup!A:B,2,0) -> NB
A45: NBP-PE-PLAN23 | B45: 45481 | C45: 45505 | D45: SOW | E45: 2024 | F45: 7 | G45: 8 | H45: 28 | I45: 4 | J45: Sietech | K45: Nelson Simoes | L45: Project Manager | M45: Compilação de lista de ofertas DEV | N45: 157 | O45: =ApprovedTimeReport_002_202476[[#This Row],[CostRate]]/0.9075 -> 173.00275 | P45: =ApprovedTimeReport_002_202476[[#This Row],[CostRate (w/ Taxes)]]*ApprovedTimeReport_002_202476[[#This Row],[Time Actual]] -> 692.01102 | Q45: Vockan Consulting Ltda | R45: =VLOOKUP(A:A,Vlookup!A:B,2,0) -> NB
A46: NB-Scrum-Dev | B46: 45490 | C46: 45505 | D46: SOW | E46: 2024 | F46: 7 | G46: 17 | H46: 29 | I46: 2 | J46: Sietech | K46: Nelson Simoes | L46: Program Manager | M46: Planejamento de Sprint 11 | N46: 86.43 | O46: =ApprovedTimeReport_002_202476[[#This Row],[CostRate]]/0.9075 -> 95.239669 | P46: =ApprovedTimeReport_002_202476[[#This Row],[CostRate (w/ Taxes)]]*ApprovedTimeReport_002_202476[[#This Row],[Time Actual]] -> 190.47934 | Q46: Vockan Consulting Ltda | R46: =VLOOKUP(A:A,Vlookup!A:B,2,0) -> NB
A47: NB-Scrum-Dev | B47: 45489 | C47: 45505 | D47: SOW | E47: 2024 | F47: 7 | G47: 16 | H47: 29 | I47: 2 | J47: Sietech | K47: Nelson Simoes | L47: Program Manager | M47: Fechamento sprint 10 | N47: 86.43 | O47: =ApprovedTimeReport_002_202476[[#This Row],[CostRate]]/0.9075 -> 95.239669 | P47: =ApprovedTimeReport_002_202476[[#This Row],[CostRate (w/ Taxes)]]*ApprovedTimeReport_002_202476[[#This Row],[Time Actual]] -> 190.47934 | Q47: Vockan Consulting Ltda | R47: =VLOOKUP(A:A,Vlookup!A:B,2,0) -> NB

Sheet Vlookup
A1: FunnelID | B1: Project Type
A2: 074-Vckadi | B2: FF
A3: 095-vckadi | B3: FF
A4: 128-VckAdi | B4: FF
A5: 806-Vck446 | B5: FF
A6: NB-Support | B6: NB
A7: 049-VckAmv | B7: FF
A8: 089-vckand | B8: FF
A9: A7lAPT28665 | B9: FF
A10: 131-VckAut | B10: T&M
A11: 010-VckBim | B11: T&M
A12: 068-vckcar | B12: T&M
... A88: 984-VCK538 | B88: T&M
