Workbook

Sheet Summary
A3: Rótulos de Linha | B3: Project Type | C3: Resource Name | D3: FunnelID | E3: CostRate w/ Taxes | F3: Soma de Time Actual | G3: Soma de Total Cost
A4: Sietech | B4: FF | C4: Nelson Simoes | D4: 12638-VCK4036 | E4: 173.00275 | F4: 1 | G4: 173.00275
D5: 4328-VCK1760 | E5: 173.00275 | F5: 8 | G5: 1384.022
D6: 666-VCK478 | E6: 173.00275 | F6: 1 | G6: 173.00275
D7: 8168-VCK514 | E7: 173.00275 | F7: 4 | G7: 692.01102
D8: 8170-VCK452 | E8: 173.00275 | F8: 17 | G8: 2941.0468
B9: FF Total | F9: 31 | G9: 5363.0854 | H9: BRP2751
B10: T&M | C10: Nelson Simoes | D10: 876-VCK490 | E10: 173.00275 | F10: 1 | G10: 173.00275
B11: T&M Total | F11: 1 | G11: 173.00275 | H11: BRP2752
B12: NB | C12: Nelson Simoes | D12: NBP-PEVO103 | E12: 110 | F12: 3 | G12: 330
D13: NBP-PEVO110 | E13: 110 | F13: 37 | G13: 4070
D14: NBP-PEVO122 | E14: 110 | F14: 22 | G14: 2420
D15: NBP-PEVO123 | E15: 110 | F15: 14 | G15: 1540
D16: NBP-PEVO99 | E16: 110 | F16: 54 | G16: 5940
B17: NB Total | F17: 130 | G17: 14300 | H17: BRP2753
A18: Sietech Total | F18: 162 | G18: 19836.088
A19: Total Geral | F19: 162 | G19: 19836.088

Sheet Junho 2025
A1: FunnelID | B1: Work Date | C1: Date TimeSheet | D1: CCID | E1: Year | F1: Month | G1: Day | H1: Week | I1: Time Actual | J1: Company | K1: Resource Name | L1: Role | M1: Comments | N1: CostRate | O1: CostRate w/ Taxes | P1: Total Cost | Q1: Customer Name | R1: Project Type
A2: 12638-VCK4036 | B2: 45832 | C2: 45840 | D2: SOW | E2: 2025 | F2: 6 | G2: 24 | H2: 26 | I2: 1 | J2: Sietech | K2: Nelson Simoes | L2: Project Manager | M2: Tratamento de demanda BPO com Gabriel | N2: 157 | O2: =ApprovedTimeReport_000_202567__1[[#This Row],[CostRate]]/0.9075 -> 173.00275 | P2: =ApprovedTimeReport_000_202567__1[[#This Row],[CostRate w/ Taxes]]*ApprovedTimeReport_000_202567__1[[#This Row],[Time Actual]] -> 173.00275 | Q2: AMVAC do Brasil Representacoes | R2: =VLOOKUP(A:A,Vlookup!A:B,2,0) -> FF
A3: 8170-VCK452 | B3: 45811 | C3: 45817 | D3: SOW | E3: 2025 | F3: 6 | G3: 3 | H3: 23 | I3: 1 | J3: Sietech | K3: Nelson Simoes | L3: Project Manager | M3: Alinhamento fase 2 mudança de vw246 Pinhal | N3: 157 | O3: =ApprovedTimeReport_000_202567__1[[#This Row],[CostRate]]/0.9075 -> 173.00275 | P3: =ApprovedTimeReport_000_202567__1[[#This Row],[CostRate w/ Taxes]]*ApprovedTimeReport_000_202567__1[[#This Row],[Time Actual]] -> 173.00275 | Q3: APTIV Man e Serv de Distr. Ltda | R3: =VLOOKUP(A:A,Vlookup!A:B,2,0) -> FF
A4: 8170-VCK452 | B4: 45812 | C4: 45817 | D4: SOW | E4: 2025 | F4: 6 | G4: 4 | H4: 23 | I4: 4 | J4: Sietech | K4: Nelson Simoes | L4: Project Manager | M4: Acompanhamento de backlog e alinhamento com funcionais | N4: 157 | O4: =ApprovedTimeReport_000_202567__1[[#This Row],[CostRate]]/0.9075 -> 173.00275 | P4: =ApprovedTimeReport_000_202567__1[[#This Row],[CostRate w/ Taxes]]*ApprovedTimeReport_000_202567__1[[#This Row],[Time Actual]] -> 692.01102 | Q4: APTIV Man e Serv de Distr. Ltda | R4: =VLOOKUP(A:A,Vlookup!A:B,2,0) -> FF
A5: 8170-VCK452 | B5: 45814 | C5: 45817 | D5: SOW | E5: 2025 | F5: 6 | G5: 6 | H5: 23 | I5: 1 | J5: Sietech | K5: Nelson Simoes | L5: Project Manager | M5: Reunião com funcionais Aptiv | N5: 157 | O5: =ApprovedTimeReport_000_202567__1[[#This Row],[CostRate]]/0.9075 -> 173.00275 | P5: =ApprovedTimeReport_000_202567__1[[#This Row],[CostRate w/ Taxes]]*ApprovedTimeReport_000_202567__1[[#This Row],[Time Actual]] -> 173.00275 | Q5: APTIV Man e Serv de Distr. Ltda | R5: =VLOOKUP(A:A,Vlookup!A:B,2,0) -> FF
A6: 8170-VCK452 | B6: 45819 | C6: 45825 | D6: SOW | E6: 2025 | F6: 6 | G6: 11 | H6: 24 | I6: 2 | J6: Sietech | K6: Nelson Simoes | L6: Project Manager | M6: Tratamento de backlog e reunião semanal | N6: 157 | O6: =ApprovedTimeReport_000_202567__1[[#This Row],[CostRate]]/0.9075 -> 173.00275 | P6: =ApprovedTimeReport_000_202567__1[[#This Row],[CostRate w/ Taxes]]*ApprovedTimeReport_000_202567__1[[#This Row],[Time Actual]] -> 346.00551 | Q6: APTIV Man e Serv de Distr. Ltda | R6: =VLOOKUP(A:A,Vlookup!A:B,2,0) -> FF
A7: 8170-VCK452 | B7: 45821 | C7: 45825 | D7: SOW | E7: 2025 | F7: 6 | G7: 13 | H7: 24 | I7: 1 | J7: Sietech | K7: Nelson Simoes | L7: Project Manager | M7: Reunião com time Aptiv | N7: 157 | O7: =ApprovedTimeReport_000_202567__1[[#This Row],[CostRate]]/0.9075 -> 173.00275 | P7: =ApprovedTimeReport_000_202567__1[[#This Row],[CostRate w/ Taxes]]*ApprovedTimeReport_000_202567__1[[#This Row],[Time Actual]] -> 173.00275 | Q7: APTIV Man e Serv de Distr. Ltda | R7: =VLOOKUP(A:A,Vlookup!A:B,2,0) -> FF
A8: 8170-VCK452 | B8: 45826 | C8: 45831 | D8: SOW | E8: 2025 | F8: 6 | G8: 18 | H8: 25 | I8: 2 | J8: Sietech | K8: Nelson Simoes | L8: Project Manager | M8: Backlog Aptiv | N8: 157 | O8: =ApprovedTimeReport_000_202567__1[[#This Row],[CostRate]]/0.9075 -> 173.00275 | P8: =ApprovedTimeReport_000_202567__1[[#This Row],[CostRate w/ Taxes]]*ApprovedTimeReport_000_202567__1[[#This Row],[Time Actual]] -> 346.00551 | Q8: APTIV Man e Serv de Distr. Ltda | R8: =VLOOKUP(A:A,Vlookup!A:B,2,0) -> FF
A9: 8170-VCK452 | B9: 45828 | C9: 45831 | D9: SOW | E9: 2025 | F9: 6 | G9: 20 | H9: 25 | I9: 2 | J9: Sietech | K9: Nelson Simoes | L9: Project Manager | M9: Reunião semanal com Funcionais Aptiv, tratamento de demanda do MRP com Hilmar | N9: 157 | O9: =ApprovedTimeReport_000_202567__1[[#This Row],[CostRate]]/0.9075 -> 173.00275 | P9: =ApprovedTimeReport_000_202567__1[[#This Row],[CostRate w/ Taxes]]*ApprovedTimeReport_000_202567__1[[#This Row],[Time Actual]] -> 346.00551 | Q9: APTIV Man e Serv de Distr. Ltda | R9: =VLOOKUP(A:A,Vlookup!A:B,2,0) -> FF
A10: 8170-VCK452 | B10: 45833 | C10: 45840 | D10: SOW | E10: 2025 | F10: 6 | G10: 25 | H10: 26 | I10: 3 | J10: Sietech | K10: Nelson Simoes | L10: Project Manager | M10: Tratamento de Backlog, reunião com Cestari | N10: 157 | O10: =ApprovedTimeReport_000_202567__1[[#This Row],[CostRate]]/0.9075 -> 173.00275 | P10: =ApprovedTimeReport_000_202567__1[[#This Row],[CostRate w/ Taxes]]*ApprovedTimeReport_000_202567__1[[#This Row],[Time Actual]] -> 519.00826 | Q10: APTIV Man e Serv de Distr. Ltda | R10: =VLOOKUP(A:A,Vlookup!A:B,2,0) -> FF
A11: 8170-VCK452 | B11: 45835 | C11: 45840 | D11: SOW | E11: 2025 | F11: 6 | G11: 27 | H11: 26 | I11: 1 | J11: Sietech | K11: Nelson Simoes | L11: Project Manager | M11: Alinhamento com funcionais Aptiv | N11: 157 | O11: =ApprovedTimeReport_000_202567__1[[#This Row],[CostRate]]/0.9075 -> 173.00275 | P11: =ApprovedTimeReport_000_202567__1[[#This Row],[CostRate w/ Taxes]]*ApprovedTimeReport_000_202567__1[[#This Row],[Time Actual]] -> 173.00275 | Q11: APTIV Man e Serv de Distr. Ltda | R11: =VLOOKUP(A:A,Vlookup!A:B,2,0) -> FF
A12: 666-VCK478 | B12: 45833 | C12: 45839 | D12: SOW | E12: 2025 | F12: 6 | G12: 25 | H12: 26 | I12: 1 | J12: Sietech | K12: Nelson Simoes | L12: Project Manager | M12: Alinhamento semanal e interno sobre demandas iniciais Clarios | N12: 157 | O12: =ApprovedTimeReport_000_202567__1[[#This Row],[CostRate]]/0.9075 -> 173.00275 | P12: =ApprovedTimeReport_000_202567__1[[#This Row],[CostRate w/ Taxes]]*ApprovedTimeReport_000_202567__1[[#This Row],[Time Actual]] -> 173.00275 | Q12: Clarios Energy Solutions Brasil | R12: =VLOOKUP(A:A,Vlookup!A:B,2,0) -> FF
A13: 876-VCK490 | B13: 45812 | C13: 45817 | D13: SOW | E13: 2025 | F13: 6 | G13: 4 | H13: 23 | I13: 1 | J13: Sietech | K13: Nelson Simoes | L13: Project Manager | M13: Planejamento de atividades do Parrillo | N13: 157 | O13: =ApprovedTimeReport_000_202567__1[[#This Row],[CostRate]]/0.9075 -> 173.00275 | P13: =ApprovedTimeReport_000_202567__1[[#This Row],[CostRate w/ Taxes]]*ApprovedTimeReport_000_202567__1[[#This Row],[Time Actual]] -> 173.00275 | Q13: Freudenberg Nok Comp Br Ltd | R13: =VLOOKUP(A:A,Vlookup!A:B,2,0) -> T&M
... A17: 8168-VCK514 | B17: 45831 | C17: 45839 | D17: SOW | E17: 2025 | F17: 6 | G17: 23 | H17: 26 | I17: 1 | J17: Sietech | K17: Nelson Simoes | L17: Project Manager | M17: Tratamento de demandas em sprint | N17: 157 | O17: =ApprovedTimeReport_000_202567__1[[#This Row],[CostRate]]/0.9075 -> 173.00275 | P17: =ApprovedTimeReport_000_202567__1[[#This Row],[CostRate w/ Taxes]]*ApprovedTimeReport_000_202567__1[[#This Row],[Time Actual]] -> 173.00275 | Q17: OXBO DO BRASIL EQUIPAMENTOS | R17: =VLOOKUP(A:A,Vlookup!A:B,2,0) -> FF
A18: NBP-PEVO103 | B18: 45811 | C18: 45817 | D18: SOW | E18: 2025 | F18: 6 | G18: 3 | H18: 23 | I18: 1 | J18: Sietech | K18: Nelson Simoes | L18: Project Manager | M18: Webnar trabalho remoto | N18: 99.83 | O18: 110 | P18: =ApprovedTimeReport_000_202567__1[[#This Row],[CostRate w/ Taxes]]*ApprovedTimeReport_000_202567__1[[#This Row],[Time Actual]] -> 110 | Q18: Vockan Consulting Ltda | R18: =VLOOKUP(A:A,Vlookup!A:B,2,0) -> NB
A19: NBP-PEVO103 | B19: 45818 | C19: 45825 | D19: SOW | E19: 2025 | F19: 6 | G19: 10 | H19: 24 | I19: 1 | J19: Sietech | K19: Nelson Simoes | L19: Project Manager | M19: Acompanhamento de gestão de riscos com Daniel, e update de projetos de BPO | N19: 99.83 | O19: 110 | P19: =ApprovedTimeReport_000_202567__1[[#This Row],[CostRate w/ Taxes]]*ApprovedTimeReport_000_202567__1[[#This Row],[Time Actual]] -> 110 | Q19: Vockan Consulting Ltda | R19: =VLOOKUP(A:A,Vlookup!A:B,2,0) -> NB
A20: NBP-PEVO103 | B20: 45819 | C20: 45825 | D20: SOW | E20: 2025 | F20: 6 | G20: 11 | H20: 24 | I20: 1 | J20: Sietech | K20: Nelson Simoes | L20: Project Manager | M20: PMO Executive Status Review | N20: 99.83 | O20: 110 | P20: =ApprovedTimeReport_000_202567__1[[#This Row],[CostRate w/ Taxes]]*ApprovedTimeReport_000_202567__1[[#This Row],[Time Actual]] -> 110 | Q20: Vockan Consulting Ltda | R20: =VLOOKUP(A:A,Vlookup!A:B,2,0) -> NB
A21: NBP-PEVO110 | B21: 45810 | C21: 45817 | D21: SOW | E21: 2025 | F21: 6 | G21: 2 | H21: 23 | I21: 3 | J21: Sietech | K21: Nelson Simoes | L21: Project Manager | M21: alinhamento com Fabio e Guilherme | N21: 99.83 | O21: 110 | P21: =ApprovedTimeReport_000_202567__1[[#This Row],[CostRate w/ Taxes]]*ApprovedTimeReport_000_202567__1[[#This Row],[Time Actual]] -> 330 | Q21: Vockan Consulting Ltda | R21: =VLOOKUP(A:A,Vlookup!A:B,2,0) -> NB
A22: NBP-PEVO110 | B22: 45811 | C22: 45817 | D22: SOW | E22: 2025 | F22: 6 | G22: 3 | H22: 23 | I22: 2 | J22: Sietech | K22: Nelson Simoes | L22: Project Manager | M22: 1:1 Fabio, alinhamento com funcionais | N22: 99.83 | O22: 110 | P22: =ApprovedTimeReport_000_202567__1[[#This Row],[CostRate w/ Taxes]]*ApprovedTimeReport_000_202567__1[[#This Row],[Time Actual]] -> 220 | Q22: Vockan Consulting Ltda | R22: =VLOOKUP(A:A,Vlookup!A:B,2,0) -> NB
A23: NBP-PEVO110 | B23: 45813 | C23: 45817 | D23: SOW | E23: 2025 | F23: 6 | G23: 5 | H23: 23 | I23: 2 | J23: Sietech | K23: Nelson Simoes | L23: Project Manager | M23: Alinhamento Fabio | N23: 99.83 | O23: 110 | P23: =ApprovedTimeReport_000_202567__1[[#This Row],[CostRate w/ Taxes]]*ApprovedTimeReport_000_202567__1[[#This Row],[Time Actual]] -> 220 | Q23: Vockan Consulting Ltda | R23: =VLOOKUP(A:A,Vlookup!A:B,2,0) -> NB
A24: NBP-PEVO110 | B24: 45814 | C24: 45817 | D24: SOW | E24: 2025 | F24: 6 | G24: 6 | H24: 23 | I24: 4 | J24: Sietech | K24: Nelson Simoes | L24: Project Manager | M24: Alinhamento com Fabio, reunião com Exchange para playbook de bpo, revisão de tarefas com CSP, tratamento de backlog | N24: 99.83 | O24: 110 | P24: =ApprovedTimeReport_000_202567__1[[#This Row],[CostRate w/ Taxes]]*ApprovedTimeReport_000_202567__1[[#This Row],[Time Actual]] -> 440 | Q24: Vockan Consulting Ltda | R24: =VLOOKUP(A:A,Vlookup!A:B,2,0) -> NB
A25: NBP-PEVO110 | B25: 45817 | C25: 45824 | D25: SOW | E25: 2025 | F25: 6 | G25: 9 | H25: 24 | I25: 2 | J25: Sietech | K25: Nelson Simoes | L25: Project Manager | M25: Alinhamento com Daniel e Guilherme, reunião com Fábio | N25: 99.83 | O25: 110 | P25: =ApprovedTimeReport_000_202567__1[[#This Row],[CostRate w/ Taxes]]*ApprovedTimeReport_000_202567__1[[#This Row],[Time Actual]] -> 220 | Q25: Vockan Consulting Ltda | R25: =VLOOKUP(A:A,Vlookup!A:B,2,0) -> NB
A26: NBP-PEVO110 | B26: 45818 | C26: 45825 | D26: SOW | E26: 2025 | F26: 6 | G26: 10 | H26: 24 | I26: 2 | J26: Sietech | K26: Nelson Simoes | L26: Project Manager | M26: Reunião semanal com Fabio e alinhamento sobre riscos | N26: 99.83 | O26: 110 | P26: =ApprovedTimeReport_000_202567__1[[#This Row],[CostRate w/ Taxes]]*ApprovedTimeReport_000_202567__1[[#This Row],[Time Actual]] -> 220 | Q26: Vockan Consulting Ltda | R26: =VLOOKUP(A:A,Vlookup!A:B,2,0) -> NB
A27: NBP-PEVO110 | B27: 45820 | C27: 45825 | D27: SOW | E27: 2025 | F27: 6 | G27: 12 | H27: 24 | I27: 2 | J27: Sietech | K27: Nelson Simoes | L27: Project Manager | M27: Entrevista com consultor BPO, Elton, alinhamento com Fabio | N27: 99.83 | O27: 110 | P27: =ApprovedTimeReport_000_202567__1[[#This Row],[CostRate w/ Taxes]]*ApprovedTimeReport_000_202567__1[[#This Row],[Time Actual]] -> 220 | Q27: Vockan Consulting Ltda | R27: =VLOOKUP(A:A,Vlookup!A:B,2,0) -> NB
A28: NBP-PEVO110 | B28: 45821 | C28: 45825 | D28: SOW | E28: 2025 | F28: 6 | G28: 13 | H28: 24 | I28: 3 | J28: Sietech | K28: Nelson Simoes | L28: Project Manager | M28: Reunião com Fabio, acompanhamento de funcionais | N28: 99.83 | O28: 110 | P28: =ApprovedTimeReport_000_202567__1[[#This Row],[CostRate w/ Taxes]]*ApprovedTimeReport_000_202567__1[[#This Row],[Time Actual]] -> 330 | Q28: Vockan Consulting Ltda | R28: =VLOOKUP(A:A,Vlookup!A:B,2,0) -> NB
A29: NBP-PEVO110 | B29: 45824 | C29: 45831 | D29: SOW | E29: 2025 | F29: 6 | G29: 16 | H29: 25 | I29: 2 | J29: Sietech | K29: Nelson Simoes | L29: Project Manager | M29: Alinhamento com Fabio, tratamento de demandas com funcionais | N29: 99.83 | O29: 110 | P29: =ApprovedTimeReport_000_202567__1[[#This Row],[CostRate w/ Taxes]]*ApprovedTimeReport_000_202567__1[[#This Row],[Time Actual]] -> 220 | Q29: Vockan Consulting Ltda | R29: =VLOOKUP(A:A,Vlookup!A:B,2,0) -> NB
... A73: NBP-PEVO99 | B73: 45835 | C73: 45840 | D73: SOW | E73: 2025 | F73: 6 | G73: 27 | H73: 26 | I73: 3 | J73: Sietech | K73: Nelson Simoes | L73: Project Manager | M73: Scrum, tratamento de projetos em andamento, aprovações e manutenção v-control | N73: 99.83 | O73: 110 | P73: =ApprovedTimeReport_000_202567__1[[#This Row],[CostRate w/ Taxes]]*ApprovedTimeReport_000_202567__1[[#This Row],[Time Actual]] -> 330 | Q73: Vockan Consulting Ltda | R73: =VLOOKUP(A:A,Vlookup!A:B,2,0) -> NB
A74: 4328-VCK1760 | B74: 45811 | C74: 45817 | D74: SOW | E74: 2025 | F74: 6 | G74: 3 | H74: 23 | I74: 1 | J74: Sietech | K74: Nelson Simoes | L74: Project Manager | M74: Alinhamento com Leopoldo e estrategia POC | N74: 157 | O74: =ApprovedTimeReport_000_202567__1[[#This Row],[CostRate]]/0.9075 -> 173.00275 | P74: =ApprovedTimeReport_000_202567__1[[#This Row],[CostRate w/ Taxes]]*ApprovedTimeReport_000_202567__1[[#This Row],[Time Actual]] -> 173.00275 | Q74: ZF Passive Safety System Brazil Ltda | R74: =VLOOKUP(A:A,Vlookup!A:B,2,0) -> FF
A75: 4328-VCK1760 | B75: 45813 | C75: 45817 | D75: SOW | E75: 2025 | F75: 6 | G75: 5 | H75: 23 | I75: 1 | J75: Sietech | K75: Nelson Simoes | L75: Project Manager | M75: Reunião semanal e mobilização de equipe para downtime | N75: 157 | O75: =ApprovedTimeReport_000_202567__1[[#This Row],[CostRate]]/0.9075 -> 173.00275 | P75: =ApprovedTimeReport_000_202567__1[[#This Row],[CostRate w/ Taxes]]*ApprovedTimeReport_000_202567__1[[#This Row],[Time Actual]] -> 173.00275 | Q75: ZF Passive Safety System Brazil Ltda | R75: =VLOOKUP(A:A,Vlookup!A:B,2,0) -> FF
A76: 4328-VCK1760 | B76: 45819 | C76: 45825 | D76: SOW | E76: 2025 | F76: 6 | G76: 11 | H76: 24 | I76: 1 | J76: Sietech | K76: Nelson Simoes | L76: Project Manager | M76: Reunião com Leopoldo sobre POC | N76: 157 | O76: =ApprovedTimeReport_000_202567__1[[#This Row],[CostRate]]/0.9075 -> 173.00275 | P76: =ApprovedTimeReport_000_202567__1[[#This Row],[CostRate w/ Taxes]]*ApprovedTimeReport_000_202567__1[[#This Row],[Time Actual]] -> 173.00275 | Q76: ZF Passive Safety System Brazil Ltda | R76: =VLOOKUP(A:A,Vlookup!A:B,2,0) -> FF
A77: 4328-VCK1760 | B77: 45820 | C77: 45825 | D77: SOW | E77: 2025 | F77: 6 | G77: 12 | H77: 24 | I77: 1 | J77: Sietech | K77: Nelson Simoes | L77: Project Manager | M77: Alinhamento semanal, reunião com Fabio | N77: 157 | O77: =ApprovedTimeReport_000_202567__1[[#This Row],[CostRate]]/0.9075 -> 173.00275 | P77: =ApprovedTimeReport_000_202567__1[[#This Row],[CostRate w/ Taxes]]*ApprovedTimeReport_000_202567__1[[#This Row],[Time Actual]] -> 173.00275 | Q77: ZF Passive Safety System Brazil Ltda | R77: =VLOOKUP(A:A,Vlookup!A:B,2,0) -> FF
A78: 4328-VCK1760 | B78: 45826 | C78: 45831 | D78: SOW | E78: 2025 | F78: 6 | G78: 18 | H78: 25 | I78: 2 | J78: Sietech | K78: Nelson Simoes | L78: Project Manager | M78: Alinhamento sobre testes da POC com time de funcionais | N78: 157 | O78: =ApprovedTimeReport_000_202567__1[[#This Row],[CostRate]]/0.9075 -> 173.00275 | P78: =ApprovedTimeReport_000_202567__1[[#This Row],[CostRate w/ Taxes]]*ApprovedTimeReport_000_202567__1[[#This Row],[Time Actual]] -> 346.00551 | Q78: ZF Passive Safety System Brazil Ltda | R78: =VLOOKUP(A:A,Vlookup!A:B,2,0) -> FF
A79: 4328-VCK1760 | B79: 45834 | C79: 45840 | D79: SOW | E79: 2025 | F79: 6 | G79: 26 | H79: 26 | I79: 2 | J79: Sietech | K79: Nelson Simoes | L79: Project Manager | M79: Alinhamento sobre pauta semana e POC | N79: 157 | O79: =ApprovedTimeReport_000_202567__1[[#This Row],[CostRate]]/0.9075 -> 173.00275 | P79: =ApprovedTimeReport_000_202567__1[[#This Row],[CostRate w/ Taxes]]*ApprovedTimeReport_000_202567__1[[#This Row],[Time Actual]] -> 346.00551 | Q79: ZF Passive Safety System Brazil Ltda | R79: =VLOOKUP(A:A,Vlookup!A:B,2,0) -> FF

Sheet Vlookup
A1: FunnelID | B1: Project Type
A2: 074-Vckadi | B2: FF
A3: 095-vckadi | B3: FF
A4: 128-VckAdi | B4: FF
A5: 806-Vck446 | B5: FF
A6: NB-Support | B6: NB
A7: 049-VckAmv | B7: FF
A8: 089-vckand | B8: FF
A9: A7lAPT28665 | B9: FF
A10: 131-VckAut | B10: T&M
A11: 010-VckBim | B11: T&M
A12: 068-vckcar | B12: T&M
... A196: 8034-VCK474 | B196: T&M
