Workbook

Sheet Summary
A3: Rótulos de Linha | B3: Project Type | C3: Resource Name | D3: FunnelID | E3: CostRate w/ Taxes | F3: Soma de Time Actual | G3: Soma de Total Cost
A4: Sietech | B4: FF | C4: Nelson Simoes | D4: 043-VckHuf | E4: 173.00275 | F4: 2 | G4: 346.00551
D5: 406-VCK498 | E5: 173.00275 | F5: 1 | G5: 173.00275
D6: 434-VCK448 | E6: 173.00275 | F6: 7 | G6: 1211.0193
D7: A7lAPT28665 | E7: 173.00275 | F7: 4 | G7: 692.01102
B8: FF Total | F8: 14 | G8: 2422.0386 | H8: BRP2081
B9: NB | C9: Nelson Simoes | D9: NB-Consultoria-Tec&Dev | E9: 110 | F9: 115 | G9: 12650
D10: NBP-PE-PLAN10 | E10: 110 | F10: 7 | G10: 770
D11: NBP-PE-PLAN12 | E11: 110 | F11: 7 | G11: 770
D12: NBP-PE-PLAN23 | E12: 173.00275 | F12: 6 | G12: 1038.0165
D13: NB-Scrum-Dev | E13: 95.239669 | F13: 4 | G13: 380.95868
B14: NB Total | F14: 139 | G14: 15608.975 | H14: BRP2082
B15: T&M | C15: Nelson Simoes | D15: 876-VCK490 | E15: 173.00275 | F15: 1 | G15: 173.00275
D16: 886-VCK704 | E16: 173.00275 | F16: 1 | G16: 173.00275
B17: T&M Total | F17: 2 | G17: 346.00551 | H17: BRP2083
A18: Sietech Total | F18: 155 | G18: 18377.019
A19: Total Geral | F19: 155 | G19: 18377.019

Sheet Junho 2024
A1: FunnelID | B1: Work Date | C1: Date TimeSheet | D1: CCID | E1: Year | F1: Month | G1: Day | H1: Week | I1: Time Actual | J1: Company | K1: Resource Name | L1: Role | M1: Comments | N1: CostRate | O1: CostRate w/ Taxes | P1: Total Cost | Q1: Customer Name | R1: Project Type
A2: 434-VCK448 | B2: 45470 | C2: 45473 | D2: SOW | E2: 2024 | F2: 6 | G2: 27 | H2: 26 | I2: 1 | J2: Sietech | K2: Nelson Simoes | L2: Project Manager | M2: Alinhamento com Eduardo | N2: 157 | O2: =ApprovedTimeReport_002_202465[[#This Row],[CostRate]]/0.9075 -> 173.00275 | P2: =ApprovedTimeReport_002_202465[[#This Row],[CostRate w/ Taxes]]*ApprovedTimeReport_002_202465[[#This Row],[Time Actual]] -> 173.00275 | Q2: AMVAC do Brasil Representacoes | R2: =VLOOKUP(ApprovedTimeReport_002_202465[[#This Row],[FunnelID]],Vlookup!A:B,2,0) -> FF
A3: 434-VCK448 | B3: 45463 | C3: 45473 | D3: SOW | E3: 2024 | F3: 6 | G3: 20 | H3: 25 | I3: 1 | J3: Sietech | K3: Nelson Simoes | L3: Project Manager | M3: Alinhamento e status semanal | N3: 157 | O3: =ApprovedTimeReport_002_202465[[#This Row],[CostRate]]/0.9075 -> 173.00275 | P3: =ApprovedTimeReport_002_202465[[#This Row],[CostRate w/ Taxes]]*ApprovedTimeReport_002_202465[[#This Row],[Time Actual]] -> 173.00275 | Q3: AMVAC do Brasil Representacoes | R3: =VLOOKUP(ApprovedTimeReport_002_202465[[#This Row],[FunnelID]],Vlookup!A:B,2,0) -> FF
A4: 434-VCK448 | B4: 45461 | C4: 45473 | D4: SOW | E4: 2024 | F4: 6 | G4: 18 | H4: 25 | I4: 1 | J4: Sietech | K4: Nelson Simoes | L4: Project Manager | M4: Acompanhamento de tarefas de desenvolvimento VBPO 243 e 183 | N4: 157 | O4: =ApprovedTimeReport_002_202465[[#This Row],[CostRate]]/0.9075 -> 173.00275 | P4: =ApprovedTimeReport_002_202465[[#This Row],[CostRate w/ Taxes]]*ApprovedTimeReport_002_202465[[#This Row],[Time Actual]] -> 173.00275 | Q4: AMVAC do Brasil Representacoes | R4: =VLOOKUP(ApprovedTimeReport_002_202465[[#This Row],[FunnelID]],Vlookup!A:B,2,0) -> FF
A5: 434-VCK448 | B5: 45456 | C5: 45473 | D5: SOW | E5: 2024 | F5: 6 | G5: 13 | H5: 24 | I5: 1 | J5: Sietech | K5: Nelson Simoes | L5: Project Manager | M5: Alinhamento Agric - Testes com Eduardo | N5: 157 | O5: =ApprovedTimeReport_002_202465[[#This Row],[CostRate]]/0.9075 -> 173.00275 | P5: =ApprovedTimeReport_002_202465[[#This Row],[CostRate w/ Taxes]]*ApprovedTimeReport_002_202465[[#This Row],[Time Actual]] -> 173.00275 | Q5: AMVAC do Brasil Representacoes | R5: =VLOOKUP(ApprovedTimeReport_002_202465[[#This Row],[FunnelID]],Vlookup!A:B,2,0) -> FF
A6: 434-VCK448 | B6: 45449 | C6: 45473 | D6: SOW | E6: 2024 | F6: 6 | G6: 6 | H6: 23 | I6: 2 | J6: Sietech | K6: Nelson Simoes | L6: Project Manager | M6: Testes Agric, status semanal | N6: 157 | O6: =ApprovedTimeReport_002_202465[[#This Row],[CostRate]]/0.9075 -> 173.00275 | P6: =ApprovedTimeReport_002_202465[[#This Row],[CostRate w/ Taxes]]*ApprovedTimeReport_002_202465[[#This Row],[Time Actual]] -> 346.00551 | Q6: AMVAC do Brasil Representacoes | R6: =VLOOKUP(ApprovedTimeReport_002_202465[[#This Row],[FunnelID]],Vlookup!A:B,2,0) -> FF
A7: 434-VCK448 | B7: 45446 | C7: 45473 | D7: SOW | E7: 2024 | F7: 6 | G7: 3 | H7: 23 | I7: 1 | J7: Sietech | K7: Nelson Simoes | L7: Project Manager | M7: Alinhamento conversões 2022 - Agric | N7: 157 | O7: =ApprovedTimeReport_002_202465[[#This Row],[CostRate]]/0.9075 -> 173.00275 | P7: =ApprovedTimeReport_002_202465[[#This Row],[CostRate w/ Taxes]]*ApprovedTimeReport_002_202465[[#This Row],[Time Actual]] -> 173.00275 | Q7: AMVAC do Brasil Representacoes | R7: =VLOOKUP(ApprovedTimeReport_002_202465[[#This Row],[FunnelID]],Vlookup!A:B,2,0) -> FF
A8: A7lAPT28665 | B8: 45462 | C8: 45473 | D8: CO04 | E8: 2024 | F8: 6 | G8: 19 | H8: 25 | I8: 2 | J8: Sietech | K8: Nelson Simoes | L8: Project Manager | M8: Planejamento e acompanhamento de tarefas VBPO 137, 130, 265, 278, 290, 249, 134, 139, 266 e 153 | N8: 157 | O8: =ApprovedTimeReport_002_202465[[#This Row],[CostRate]]/0.9075 -> 173.00275 | P8: =ApprovedTimeReport_002_202465[[#This Row],[CostRate w/ Taxes]]*ApprovedTimeReport_002_202465[[#This Row],[Time Actual]] -> 346.00551 | Q8: APTIV Man e Serv de Distr. Ltda | R8: =VLOOKUP(ApprovedTimeReport_002_202465[[#This Row],[FunnelID]],Vlookup!A:B,2,0) -> FF
A9: A7lAPT28665 | B9: 45446 | C9: 45473 | D9: CO04 | E9: 2024 | F9: 6 | G9: 3 | H9: 23 | I9: 2 | J9: Sietech | K9: Nelson Simoes | L9: Project Manager | M9: Planejamento e acompanhamento de tarefas VBPO 290, 266, 139, 125, 137, 130, 231, 249, 278 e 132 | N9: 157 | O9: =ApprovedTimeReport_002_202465[[#This Row],[CostRate]]/0.9075 -> 173.00275 | P9: =ApprovedTimeReport_002_202465[[#This Row],[CostRate w/ Taxes]]*ApprovedTimeReport_002_202465[[#This Row],[Time Actual]] -> 346.00551 | Q9: APTIV Man e Serv de Distr. Ltda | R9: =VLOOKUP(ApprovedTimeReport_002_202465[[#This Row],[FunnelID]],Vlookup!A:B,2,0) -> FF
A10: 876-VCK490 | B10: 45469 | C10: 45473 | D10: SOW | E10: 2024 | F10: 6 | G10: 26 | H10: 26 | I10: 1 | J10: Sietech | K10: Nelson Simoes | L10: Project Manager | M10: Acompanhamento de tarefas de sustentação fora da Sprint 009, executadas por Parrillo | N10: 157 | O10: =ApprovedTimeReport_002_202465[[#This Row],[CostRate]]/0.9075 -> 173.00275 | P10: =ApprovedTimeReport_002_202465[[#This Row],[CostRate w/ Taxes]]*ApprovedTimeReport_002_202465[[#This Row],[Time Actual]] -> 173.00275 | Q10: Freudenberg Nok Comp Br Ltd | R10: =VLOOKUP(ApprovedTimeReport_002_202465[[#This Row],[FunnelID]],Vlookup!A:B,2,0) -> T&M
A11: 043-VckHuf | B11: 45462 | C11: 45473 | D11: SOW | E11: 2024 | F11: 6 | G11: 19 | H11: 25 | I11: 2 | J11: Sietech | K11: Nelson Simoes | L11: Project Manager | M11: Planejamento e acompanhamento de tarefas VBPO 160, 162, 155 e | N11: 157 | O11: =ApprovedTimeReport_002_202465[[#This Row],[CostRate]]/0.9075 -> 173.00275 | P11: =ApprovedTimeReport_002_202465[[#This Row],[CostRate w/ Taxes]]*ApprovedTimeReport_002_202465[[#This Row],[Time Actual]] -> 346.00551 | Q11: HUF do Brasil Ltda | R11: =VLOOKUP(ApprovedTimeReport_002_202465[[#This Row],[FunnelID]],Vlookup!A:B,2,0) -> FF
A12: 406-VCK498 | B12: 45461 | C12: 45473 | D12: SOW | E12: 2024 | F12: 6 | G12: 18 | H12: 25 | I12: 1 | J12: Sietech | K12: Nelson Simoes | L12: Project Manager | M12: Tratamento de tarefas VBPO 237 e 238 | N12: 157 | O12: =ApprovedTimeReport_002_202465[[#This Row],[CostRate]]/0.9075 -> 173.00275 | P12: =ApprovedTimeReport_002_202465[[#This Row],[CostRate w/ Taxes]]*ApprovedTimeReport_002_202465[[#This Row],[Time Actual]] -> 173.00275 | Q12: Joyson safety System Brasil Ltda | R12: =VLOOKUP(ApprovedTimeReport_002_202465[[#This Row],[FunnelID]],Vlookup!A:B,2,0) -> FF
A13: 886-VCK704 | B13: 45448 | C13: 45473 | D13: SOW | E13: 2024 | F13: 6 | G13: 5 | H13: 23 | I13: 1 | J13: Sietech | K13: Nelson Simoes | L13: Project Manager | M13: Project wrap-up with tech team | N13: 157 | O13: =ApprovedTimeReport_002_202465[[#This Row],[CostRate]]/0.9075 -> 173.00275 | P13: =ApprovedTimeReport_002_202465[[#This Row],[CostRate w/ Taxes]]*ApprovedTimeReport_002_202465[[#This Row],[Time Actual]] -> 173.00275 | Q13: Mauser Do Brasil embalgens Ind S.A | R13: =VLOOKUP(ApprovedTimeReport_002_202465[[#This Row],[FunnelID]],Vlookup!A:B,2,0) -> T&M
A14: NB-Consultoria-Tec&Dev | B14: 45471 | C14: 45474 | D14: NB01 | E14: 2024 | F14: 6 | G14: 28 | H14: 26 | I14: 8 | J14: Sietech | K14: Nelson Simoes | L14: Program Manager | M14: Alinhamento de estratégia DEV para Enterprise Plataform, Apresentação de modelo de captação de demandas DEV-TEC para Serviços, Overview semanal de projetos, Reunião com Amvac - Fabiana, Alinhamento com Fábio | N14: 99.83 | O14: 110 | P14: =ApprovedTimeReport_002_202465[[#This Row],[CostRate w/ Taxes]]*ApprovedTimeReport_002_202465[[#This Row],[Time Actual]] -> 880 | Q14: Vockan Consulting Ltda | R14: =VLOOKUP(ApprovedTimeReport_002_202465[[#This Row],[FunnelID]],Vlookup!A:B,2,0) -> NB
A15: NB-Consultoria-Tec&Dev | B15: 45470 | C15: 45474 | D15: NB01 | E15: 2024 | F15: 6 | G15: 27 | H15: 26 | I15: 5 | J15: Sietech | K15: Nelson Simoes | L15: Program Manager | M15: Preparação de projeto Jira para alinhamento com Serviços, Alinhamento semanal com Comercial - Laiza | N15: 99.83 | O15: 110 | P15: =ApprovedTimeReport_002_202465[[#This Row],[CostRate w/ Taxes]]*ApprovedTimeReport_002_202465[[#This Row],[Time Actual]] -> 550 | Q15: Vockan Consulting Ltda | R15: =VLOOKUP(ApprovedTimeReport_002_202465[[#This Row],[FunnelID]],Vlookup!A:B,2,0) -> NB
A16: NB-Consultoria-Tec&Dev | B16: 45469 | C16: 45474 | D16: NB01 | E16: 2024 | F16: 6 | G16: 26 | H16: 26 | I16: 5 | J16: Sietech | K16: Nelson Simoes | L16: Program Manager | M16: Alinhamento sobre treinamentos, 1:1 Andre, reunião semana com funcionais, V-Control, Scrum | N16: 99.83 | O16: 110 | P16: =ApprovedTimeReport_002_202465[[#This Row],[CostRate w/ Taxes]]*ApprovedTimeReport_002_202465[[#This Row],[Time Actual]] -> 550 | Q16: Vockan Consulting Ltda | R16: =VLOOKUP(ApprovedTimeReport_002_202465[[#This Row],[FunnelID]],Vlookup!A:B,2,0) -> NB
A17: NB-Consultoria-Tec&Dev | B17: 45468 | C17: 45474 | D17: NB01 | E17: 2024 | F17: 6 | G17: 25 | H17: 26 | I17: 8 | J17: Sietech | K17: Nelson Simoes | L17: Program Manager | M17: FUP de oportunidades com André e Laiza, Atualização Bitrix, Revisão de material de BPO para MKT, Revisão de artigo Agilista, Alinhamento com Sildemar | N17: 99.83 | O17: 110 | P17: =ApprovedTimeReport_002_202465[[#This Row],[CostRate w/ Taxes]]*ApprovedTimeReport_002_202465[[#This Row],[Time Actual]] -> 880 | Q17: Vockan Consulting Ltda | R17: =VLOOKUP(ApprovedTimeReport_002_202465[[#This Row],[FunnelID]],Vlookup!A:B,2,0) -> NB
A18: NB-Consultoria-Tec&Dev | B18: 45467 | C18: 45474 | D18: NB01 | E18: 2024 | F18: 6 | G18: 24 | H18: 26 | I18: 8 | J18: Sietech | K18: Nelson Simoes | L18: Program Manager | M18: Alinhamento AutoKiniton, Acompanhamento de SQUAD - Repositorio e treinamentos, revisão de issues no BPO com SLA vencido | N18: 99.83 | O18: 110 | P18: =ApprovedTimeReport_002_202465[[#This Row],[CostRate w/ Taxes]]*ApprovedTimeReport_002_202465[[#This Row],[Time Actual]] -> 880 | Q18: Vockan Consulting Ltda | R18: =VLOOKUP(ApprovedTimeReport_002_202465[[#This Row],[FunnelID]],Vlookup!A:B,2,0) -> NB
A19: NB-Consultoria-Tec&Dev | B19: 45464 | C19: 45474 | D19: NB01 | E19: 2024 | F19: 6 | G19: 21 | H19: 25 | I19: 5 | J19: Sietech | K19: Nelson Simoes | L19: Program Manager | M19: Overview de Projetos, Reunião Infos, Atualização Bitrix | N19: 99.83 | O19: 110 | P19: =ApprovedTimeReport_002_202465[[#This Row],[CostRate w/ Taxes]]*ApprovedTimeReport_002_202465[[#This Row],[Time Actual]] -> 550 | Q19: Vockan Consulting Ltda | R19: =VLOOKUP(ApprovedTimeReport_002_202465[[#This Row],[FunnelID]],Vlookup!A:B,2,0) -> NB
A20: NB-Consultoria-Tec&Dev | B20: 45463 | C20: 45474 | D20: NB01 | E20: 2024 | F20: 6 | G20: 20 | H20: 25 | I20: 3 | J20: Sietech | K20: Nelson Simoes | L20: Program Manager | M20: Update Cloud, alinhamento tarefas TEC | N20: 99.83 | O20: 110 | P20: =ApprovedTimeReport_002_202465[[#This Row],[CostRate w/ Taxes]]*ApprovedTimeReport_002_202465[[#This Row],[Time Actual]] -> 330 | Q20: Vockan Consulting Ltda | R20: =VLOOKUP(ApprovedTimeReport_002_202465[[#This Row],[FunnelID]],Vlookup!A:B,2,0) -> NB
A21: NB-Consultoria-Tec&Dev | B21: 45462 | C21: 45474 | D21: NB01 | E21: 2024 | F21: 6 | G21: 19 | H21: 25 | I21: 4 | J21: Sietech | K21: Nelson Simoes | L21: Program Manager | M21: Planejamento Sprint 9, 1:1 André, entrega API, Reunião com Adium - Carla e Sergio | N21: 99.83 | O21: 110 | P21: =ApprovedTimeReport_002_202465[[#This Row],[CostRate w/ Taxes]]*ApprovedTimeReport_002_202465[[#This Row],[Time Actual]] -> 440 | Q21: Vockan Consulting Ltda | R21: =VLOOKUP(ApprovedTimeReport_002_202465[[#This Row],[FunnelID]],Vlookup!A:B,2,0) -> NB
A22: NB-Consultoria-Tec&Dev | B22: 45461 | C22: 45474 | D22: NB01 | E22: 2024 | F22: 6 | G22: 18 | H22: 25 | I22: 6 | J22: Sietech | K22: Nelson Simoes | L22: Program Manager | M22: Avaliação de chamados quebrados SLA com Fabio e Andre, Estratégia de Comunicação BPO com João, fechamento de sprint 8 | N22: 99.83 | O22: 110 | P22: =ApprovedTimeReport_002_202465[[#This Row],[CostRate w/ Taxes]]*ApprovedTimeReport_002_202465[[#This Row],[Time Actual]] -> 660 | Q22: Vockan Consulting Ltda | R22: =VLOOKUP(ApprovedTimeReport_002_202465[[#This Row],[FunnelID]],Vlookup!A:B,2,0) -> NB
A23: NB-Consultoria-Tec&Dev | B23: 45460 | C23: 45474 | D23: NB01 | E23: 2024 | F23: 6 | G23: 17 | H23: 25 | I23: 7 | J23: Sietech | K23: Nelson Simoes | L23: Program Manager | M23: Alinhamento de tarefas DEV e TEC, reunião com High Business | N23: 99.83 | O23: 110 | P23: =ApprovedTimeReport_002_202465[[#This Row],[CostRate w/ Taxes]]*ApprovedTimeReport_002_202465[[#This Row],[Time Actual]] -> 770 | Q23: Vockan Consulting Ltda | R23: =VLOOKUP(ApprovedTimeReport_002_202465[[#This Row],[FunnelID]],Vlookup!A:B,2,0) -> NB
A24: NB-Consultoria-Tec&Dev | B24: 45457 | C24: 45474 | D24: NB01 | E24: 2024 | F24: 6 | G24: 14 | H24: 24 | I24: 6 | J24: Sietech | K24: Nelson Simoes | L24: Program Manager | M24: Bimeda Cloud - Alinhamentos e reunião com Cliente, Scrum, checkpoint API, V-control | N24: 99.83 | O24: 110 | P24: =ApprovedTimeReport_002_202465[[#This Row],[CostRate w/ Taxes]]*ApprovedTimeReport_002_202465[[#This Row],[Time Actual]] -> 660 | Q24: Vockan Consulting Ltda | R24: =VLOOKUP(ApprovedTimeReport_002_202465[[#This Row],[FunnelID]],Vlookup!A:B,2,0) -> NB
A25: NB-Consultoria-Tec&Dev | B25: 45456 | C25: 45474 | D25: NB01 | E25: 2024 | F25: 6 | G25: 13 | H25: 24 | I25: 5 | J25: Sietech | K25: Nelson Simoes | L25: Program Manager | M25: Bitrix BPO, Alinhamento de tarefas com Fabio, Proposta Rassini, Tratativas Bimeda Cloud | N25: 99.83 | O25: 110 | P25: =ApprovedTimeReport_002_202465[[#This Row],[CostRate w/ Taxes]]*ApprovedTimeReport_002_202465[[#This Row],[Time Actual]] -> 550 | Q25: Vockan Consulting Ltda | R25: =VLOOKUP(ApprovedTimeReport_002_202465[[#This Row],[FunnelID]],Vlookup!A:B,2,0) -> NB
... A43: NBP-PE-PLAN12 | B43: 45449 | C43: 45473 | D43: SOW | E43: 2024 | F43: 6 | G43: 6 | H43: 23 | I43: 1 | J43: Sietech | K43: Nelson Simoes | L43: Project Manager | M43: Entrevista Nayara | N43: 99.83 | O43: 110 | P43: =ApprovedTimeReport_002_202465[[#This Row],[CostRate w/ Taxes]]*ApprovedTimeReport_002_202465[[#This Row],[Time Actual]] -> 110 | Q43: Vockan Consulting Ltda | R43: =VLOOKUP(ApprovedTimeReport_002_202465[[#This Row],[FunnelID]],Vlookup!A:B,2,0) -> NB
A44: NBP-PE-PLAN23 | B44: 45463 | C44: 45474 | D44: SOW | E44: 2024 | F44: 6 | G44: 20 | H44: 25 | I44: 4 | J44: Sietech | K44: Nelson Simoes | L44: Project Manager | M44: Estrutura de atividades de DEV e TEC para consolidação no portifolio | N44: 157 | O44: =ApprovedTimeReport_002_202465[[#This Row],[CostRate]]/0.9075 -> 173.00275 | P44: =ApprovedTimeReport_002_202465[[#This Row],[CostRate w/ Taxes]]*ApprovedTimeReport_002_202465[[#This Row],[Time Actual]] -> 692.01102 | Q44: Vockan Consulting Ltda | R44: =VLOOKUP(ApprovedTimeReport_002_202465[[#This Row],[FunnelID]],Vlookup!A:B,2,0) -> NB
A45: NBP-PE-PLAN23 | B45: 45454 | C45: 45474 | D45: SOW | E45: 2024 | F45: 6 | G45: 11 | H45: 24 | I45: 2 | J45: Sietech | K45: Nelson Simoes | L45: Project Manager | M45: Tratamento de atividades para Portifolio | N45: 157 | O45: =ApprovedTimeReport_002_202465[[#This Row],[CostRate]]/0.9075 -> 173.00275 | P45: =ApprovedTimeReport_002_202465[[#This Row],[CostRate w/ Taxes]]*ApprovedTimeReport_002_202465[[#This Row],[Time Actual]] -> 346.00551 | Q45: Vockan Consulting Ltda | R45: =VLOOKUP(ApprovedTimeReport_002_202465[[#This Row],[FunnelID]],Vlookup!A:B,2,0) -> NB
A46: NB-Scrum-Dev | B46: 45447 | C46: 45473 | D46: SOW | E46: 2024 | F46: 6 | G46: 4 | H46: 23 | I46: 2 | J46: Sietech | K46: Nelson Simoes | L46: Program Manager | M46: Planejamento Sprint 8 | N46: 86.43 | O46: =ApprovedTimeReport_002_202465[[#This Row],[CostRate]]/0.9075 -> 95.239669 | P46: =ApprovedTimeReport_002_202465[[#This Row],[CostRate w/ Taxes]]*ApprovedTimeReport_002_202465[[#This Row],[Time Actual]] -> 190.47934 | Q46: Vockan Consulting Ltda | R46: =VLOOKUP(ApprovedTimeReport_002_202465[[#This Row],[FunnelID]],Vlookup!A:B,2,0) -> NB
A47: NB-Scrum-Dev | B47: 45446 | C47: 45473 | D47: SOW | E47: 2024 | F47: 6 | G47: 3 | H47: 23 | I47: 2 | J47: Sietech | K47: Nelson Simoes | L47: Program Manager | M47: Fechamento Sprint 7 | N47: 86.43 | O47: =ApprovedTimeReport_002_202465[[#This Row],[CostRate]]/0.9075 -> 95.239669 | P47: =ApprovedTimeReport_002_202465[[#This Row],[CostRate w/ Taxes]]*ApprovedTimeReport_002_202465[[#This Row],[Time Actual]] -> 190.47934 | Q47: Vockan Consulting Ltda | R47: =VLOOKUP(ApprovedTimeReport_002_202465[[#This Row],[FunnelID]],Vlookup!A:B,2,0) -> NB

Sheet Vlookup
A1: FunnelID | B1: Project Type
A2: 074-Vckadi | B2: FF
A3: 095-vckadi | B3: FF
A4: 128-VckAdi | B4: FF
A5: 806-Vck446 | B5: FF
A6: NB-Support | B6: NB
A7: 049-VckAmv | B7: FF
A8: 089-vckand | B8: FF
A9: A7lAPT28665 | B9: FF
A10: 131-VckAut | B10: T&M
A11: 010-VckBim | B11: T&M
A12: 068-vckcar | B12: T&M
... A83: 786-VCK538 | B83: T&M
