Workbook

Sheet Planilha2
A3: Rótulos de Linha | B3: Project Type | C3: Resource Name | D3: FunnelID | E3: CostRate w/ Taxes | F3: Soma de Time Actual | G3: Soma de Total Cost
A4: Sietech | B4: FF | C4: Nelson Simoes | D4: 406-VCK498 | E4: 173.00275 | F4: 6 | G4: 1038.0165
D5: 434-VCK448 | E5: 173.00275 | F5: 1 | G5: 173.00275
D6: 448-VCK494 | E6: 173.00275 | F6: 2 | G6: 346.00551
D7: 480-VCK452 | E7: 173.00275 | F7: 5 | G7: 865.01377
D8: 484-VCK514 | E8: 173.00275 | F8: 2 | G8: 346.00551
B9: FF Total | F9: 16 | G9: 2768.0441 | H9: BRP2289
B10: NB | C10: Nelson Simoes | D10: 968-vck452 | E10: 173.00275 | F10: 1 | G10: 173.00275
D11: NB-Consultoria-Tec&Dev | E11: 110 | F11: 135 | G11: 14850
D12: NB-MKT | E12: 95.239669 | F12: 8 | G12: 761.91736
D13: NBP-PE-PLAN10 | E13: 110 | F13: 3 | G13: 330
D14: NBP-PE-PLAN12 | E14: 110 | F14: 3 | G14: 330
D15: NB-Scrum-Dev | E15: 95.239669 | F15: 4 | G15: 380.95868
B16: NB Total | F16: 154 | G16: 16825.879 | H16: BRP2290
A17: Sietech Total | F17: 170 | G17: 19593.923
A18: Total Geral | F18: 170 | G18: 19593.923

Sheet Outubro 2024
A1: FunnelID | B1: Work Date | C1: Date TimeSheet | D1: CCID | E1: Year | F1: Month | G1: Day | H1: Week | I1: Time Actual | J1: Company | K1: Resource Name | L1: Role | M1: Comments | N1: CostRate | O1: CostRate w/ Taxes | P1: Total Cost | Q1: Customer Name | R1: Project Type
A2: 434-VCK448 | B2: 45588 | C2: 45595 | D2: SOW | E2: 2024 | F2: 10 | G2: 23 | H2: 43 | I2: 1 | J2: Sietech | K2: Nelson Simoes | L2: Project Manager | M2: Alinhamento de BPO Operacional Contabil | N2: 157 | O2: =ApprovedTimeReport_002_2024106[[#This Row],[CostRate]]/0.9075 -> 173.00275 | P2: =ApprovedTimeReport_002_2024106[[#This Row],[CostRate w/ Taxes]]*ApprovedTimeReport_002_2024106[[#This Row],[Time Actual]] -> 173.00275 | Q2: AMVAC do Brasil Representacoes | R2: =VLOOKUP(A:A,Vlookup!A:B,2,0) -> FF
A3: 480-VCK452 | B3: 45588 | C3: 45595 | D3: SOW | E3: 2024 | F3: 10 | G3: 23 | H3: 43 | I3: 2 | J3: Sietech | K3: Nelson Simoes | L3: Program Manager | M3: Tratamento de projeto JIT, demandas com Miguel Castaneda e Gabriel Brigo | N3: 157 | O3: =ApprovedTimeReport_002_2024106[[#This Row],[CostRate]]/0.9075 -> 173.00275 | P3: =ApprovedTimeReport_002_2024106[[#This Row],[CostRate w/ Taxes]]*ApprovedTimeReport_002_2024106[[#This Row],[Time Actual]] -> 346.00551 | Q3: APTIV Man e Serv de Distr. Ltda | R3: =VLOOKUP(A:A,Vlookup!A:B,2,0) -> FF
A4: 480-VCK452 | B4: 45574 | C4: 45580 | D4: SOW | E4: 2024 | F4: 10 | G4: 9 | H4: 41 | I4: 2 | J4: Sietech | K4: Nelson Simoes | L4: Program Manager | M4: Planejamento de demandas 444,126,127, 134, 290, 381, 346, 387 | N4: 157 | O4: =ApprovedTimeReport_002_2024106[[#This Row],[CostRate]]/0.9075 -> 173.00275 | P4: =ApprovedTimeReport_002_2024106[[#This Row],[CostRate w/ Taxes]]*ApprovedTimeReport_002_2024106[[#This Row],[Time Actual]] -> 346.00551 | Q4: APTIV Man e Serv de Distr. Ltda | R4: =VLOOKUP(A:A,Vlookup!A:B,2,0) -> FF
A5: 480-VCK452 | B5: 45573 | C5: 45580 | D5: SOW | E5: 2024 | F5: 10 | G5: 8 | H5: 41 | I5: 1 | J5: Sietech | K5: Nelson Simoes | L5: Program Manager | M5: Acompanhamento de demanda 262 | N5: 157 | O5: =ApprovedTimeReport_002_2024106[[#This Row],[CostRate]]/0.9075 -> 173.00275 | P5: =ApprovedTimeReport_002_2024106[[#This Row],[CostRate w/ Taxes]]*ApprovedTimeReport_002_2024106[[#This Row],[Time Actual]] -> 173.00275 | Q5: APTIV Man e Serv de Distr. Ltda | R5: =VLOOKUP(A:A,Vlookup!A:B,2,0) -> FF
A6: 968-vck452 | B6: 45595 | C6: 45601 | D6: SOW | E6: 2024 | F6: 10 | G6: 30 | H6: 44 | I6: 1 | J6: Sietech | K6: Nelson Simoes | L6: Project Manager | M6: Tratamento de projeto JIT com Fábio e Marcia | N6: 157 | O6: =ApprovedTimeReport_002_2024106[[#This Row],[CostRate]]/0.9075 -> 173.00275 | P6: =ApprovedTimeReport_002_2024106[[#This Row],[CostRate w/ Taxes]]*ApprovedTimeReport_002_2024106[[#This Row],[Time Actual]] -> 173.00275 | Q6: APTIV Man e Serv de Distr. Ltda | R6: =VLOOKUP(A:A,Vlookup!A:B,2,0) -> NB
A7: 448-VCK494 | B7: 45574 | C7: 45580 | D7: SOW | E7: 2024 | F7: 10 | G7: 9 | H7: 41 | I7: 2 | J7: Sietech | K7: Nelson Simoes | L7: Program Manager | M7: Planejamento de demandas de desenvolvimento, cotações de novos trabalhos | N7: 157 | O7: =ApprovedTimeReport_002_2024106[[#This Row],[CostRate]]/0.9075 -> 173.00275 | P7: =ApprovedTimeReport_002_2024106[[#This Row],[CostRate w/ Taxes]]*ApprovedTimeReport_002_2024106[[#This Row],[Time Actual]] -> 346.00551 | Q7: HUF do Brasil Ltda | R7: =VLOOKUP(A:A,Vlookup!A:B,2,0) -> FF
A8: 406-VCK498 | B8: 45588 | C8: 45595 | D8: SOW | E8: 2024 | F8: 10 | G8: 23 | H8: 43 | I8: 1 | J8: Sietech | K8: Nelson Simoes | L8: Program Manager | M8: Demandas de BPO X8 e 6 com Miguel Castaneda | N8: 157 | O8: =ApprovedTimeReport_002_2024106[[#This Row],[CostRate]]/0.9075 -> 173.00275 | P8: =ApprovedTimeReport_002_2024106[[#This Row],[CostRate w/ Taxes]]*ApprovedTimeReport_002_2024106[[#This Row],[Time Actual]] -> 173.00275 | Q8: Joyson safety System Brasil Ltda | R8: =VLOOKUP(A:A,Vlookup!A:B,2,0) -> FF
A9: 406-VCK498 | B9: 45576 | C9: 45580 | D9: SOW | E9: 2024 | F9: 10 | G9: 11 | H9: 41 | I9: 3 | J9: Sietech | K9: Nelson Simoes | L9: Program Manager | M9: Reunião para tratamento de Issues do Q-Extend, alinhamento com William e Fabio para update de chamado, tratativa com Roso e André sobre blçoqueio de sistema no periodo da noite | N9: 157 | O9: =ApprovedTimeReport_002_2024106[[#This Row],[CostRate]]/0.9075 -> 173.00275 | P9: =ApprovedTimeReport_002_2024106[[#This Row],[CostRate w/ Taxes]]*ApprovedTimeReport_002_2024106[[#This Row],[Time Actual]] -> 519.00826 | Q9: Joyson safety System Brasil Ltda | R9: =VLOOKUP(A:A,Vlookup!A:B,2,0) -> FF
A10: 406-VCK498 | B10: 45575 | C10: 45580 | D10: SOW | E10: 2024 | F10: 10 | G10: 10 | H10: 41 | I10: 2 | J10: Sietech | K10: Nelson Simoes | L10: Program Manager | M10: Acompanhamento de problemas de lentidão no ambiente, reunião com Parpinelli para emissão de relatório de scan de ambiente, Reunião com André para mobilização de Sildemar para analise do Q-Extend | N10: 157 | O10: =ApprovedTimeReport_002_2024106[[#This Row],[CostRate]]/0.9075 -> 173.00275 | P10: =ApprovedTimeReport_002_2024106[[#This Row],[CostRate w/ Taxes]]*ApprovedTimeReport_002_2024106[[#This Row],[Time Actual]] -> 346.00551 | Q10: Joyson safety System Brasil Ltda | R10: =VLOOKUP(A:A,Vlookup!A:B,2,0) -> FF
A11: 484-VCK514 | B11: 45573 | C11: 45580 | D11: SOW | E11: 2024 | F11: 10 | G11: 8 | H11: 41 | I11: 1 | J11: Sietech | K11: Nelson Simoes | L11: Project Manager | M11: Controle de demandas 431 e 465. | N11: 157 | O11: =ApprovedTimeReport_002_2024106[[#This Row],[CostRate]]/0.9075 -> 173.00275 | P11: =ApprovedTimeReport_002_2024106[[#This Row],[CostRate w/ Taxes]]*ApprovedTimeReport_002_2024106[[#This Row],[Time Actual]] -> 173.00275 | Q11: OXBO DO BRASIL EQUIPAMENTOS | R11: =VLOOKUP(A:A,Vlookup!A:B,2,0) -> FF
A12: 484-VCK514 | B12: 45566 | C12: 45572 | D12: SOW | E12: 2024 | F12: 10 | G12: 1 | H12: 40 | I12: 1 | J12: Sietech | K12: Nelson Simoes | L12: Project Manager | M12: Alinhamento de projeto com cliente | N12: 157 | O12: =ApprovedTimeReport_002_2024106[[#This Row],[CostRate]]/0.9075 -> 173.00275 | P12: =ApprovedTimeReport_002_2024106[[#This Row],[CostRate w/ Taxes]]*ApprovedTimeReport_002_2024106[[#This Row],[Time Actual]] -> 173.00275 | Q12: OXBO DO BRASIL EQUIPAMENTOS | R12: =VLOOKUP(A:A,Vlookup!A:B,2,0) -> FF
A13: NB-Consultoria-Tec&Dev | B13: 45596 | C13: 45601 | D13: NB01 | E13: 2024 | F13: 10 | G13: 31 | H13: 44 | I13: 8 | J13: Sietech | K13: Nelson Simoes | L13: Program Manager | M13: Alinhamento com Gabriel, propostas no bitrix, scrum, reunião com cliente - HUF , reunião com cliente - Visteon, v-control | N13: 99.83 | O13: 110 | P13: =ApprovedTimeReport_002_2024106[[#This Row],[CostRate w/ Taxes]]*ApprovedTimeReport_002_2024106[[#This Row],[Time Actual]] -> 880 | Q13: Vockan Consulting Ltda | R13: =VLOOKUP(A:A,Vlookup!A:B,2,0) -> NB
A14: NB-Consultoria-Tec&Dev | B14: 45595 | C14: 45601 | D14: NB01 | E14: 2024 | F14: 10 | G14: 30 | H14: 44 | I14: 7 | J14: Sietech | K14: Nelson Simoes | L14: Program Manager | M14: Alinhamento Higo, propostas pendentes, all hands, 1:1 com Andre, scrum, Alinhamento com funcionais | N14: 99.83 | O14: 110 | P14: =ApprovedTimeReport_002_2024106[[#This Row],[CostRate w/ Taxes]]*ApprovedTimeReport_002_2024106[[#This Row],[Time Actual]] -> 770 | Q14: Vockan Consulting Ltda | R14: =VLOOKUP(A:A,Vlookup!A:B,2,0) -> NB
A15: NB-Consultoria-Tec&Dev | B15: 45594 | C15: 45595 | D15: NB01 | E15: 2024 | F15: 10 | G15: 29 | H15: 44 | I15: 7 | J15: Sietech | K15: Nelson Simoes | L15: Program Manager | M15: Revisão All Hands, Job Rotation Tiago Semidei, Alinhamento comercial com André, 1:1 Fábio, Monitoramento de recursos com Optidata, tickets com Pedro e Hilmar | N15: 99.83 | O15: 110 | P15: =ApprovedTimeReport_002_2024106[[#This Row],[CostRate w/ Taxes]]*ApprovedTimeReport_002_2024106[[#This Row],[Time Actual]] -> 770 | Q15: Vockan Consulting Ltda | R15: =VLOOKUP(A:A,Vlookup!A:B,2,0) -> NB
A16: NB-Consultoria-Tec&Dev | B16: 45593 | C16: 45595 | D16: NB01 | E16: 2024 | F16: 10 | G16: 28 | H16: 44 | I16: 4 | J16: Sietech | K16: Nelson Simoes | L16: Program Manager | M16: Scrum, alinhamento com André, reunião com Hilmar, V-control | N16: 99.83 | O16: 110 | P16: =ApprovedTimeReport_002_2024106[[#This Row],[CostRate w/ Taxes]]*ApprovedTimeReport_002_2024106[[#This Row],[Time Actual]] -> 440 | Q16: Vockan Consulting Ltda | R16: =VLOOKUP(A:A,Vlookup!A:B,2,0) -> NB
A17: NB-Consultoria-Tec&Dev | B17: 45590 | C17: 45595 | D17: NB01 | E17: 2024 | F17: 10 | G17: 25 | H17: 43 | I17: 10 | J17: Sietech | K17: Nelson Simoes | L17: Program Manager | M17: Visteon - Proposta, alinhamento TEC com Parpinelli, Scrum, Reforma tributária com Alan, apresentação Daniel X Guilherme Loss e roteiro comercial, Revisão de projetos V-Control, alinhamento com Fabio | N17: 99.83 | O17: 110 | P17: =ApprovedTimeReport_002_2024106[[#This Row],[CostRate w/ Taxes]]*ApprovedTimeReport_002_2024106[[#This Row],[Time Actual]] -> 1100 | Q17: Vockan Consulting Ltda | R17: =VLOOKUP(A:A,Vlookup!A:B,2,0) -> NB
A18: NB-Consultoria-Tec&Dev | B18: 45589 | C18: 45595 | D18: NB01 | E18: 2024 | F18: 10 | G18: 24 | H18: 43 | I18: 7 | J18: Sietech | K18: Nelson Simoes | L18: Program Manager | M18: Visita Valmont - Alinhamento de BPO, Capacitação Exchange, 1:1 Andre, Bitrix | N18: 99.83 | O18: 110 | P18: =ApprovedTimeReport_002_2024106[[#This Row],[CostRate w/ Taxes]]*ApprovedTimeReport_002_2024106[[#This Row],[Time Actual]] -> 770 | Q18: Vockan Consulting Ltda | R18: =VLOOKUP(A:A,Vlookup!A:B,2,0) -> NB
A19: NB-Consultoria-Tec&Dev | B19: 45587 | C19: 45595 | D19: NB01 | E19: 2024 | F19: 10 | G19: 22 | H19: 43 | I19: 1 | J19: Sietech | K19: Nelson Simoes | L19: Program Manager | M19: Fup Lifetec | N19: 99.83 | O19: 110 | P19: =ApprovedTimeReport_002_2024106[[#This Row],[CostRate w/ Taxes]]*ApprovedTimeReport_002_2024106[[#This Row],[Time Actual]] -> 110 | Q19: Vockan Consulting Ltda | R19: =VLOOKUP(A:A,Vlookup!A:B,2,0) -> NB
A20: NB-Consultoria-Tec&Dev | B20: 45586 | C20: 45595 | D20: NB01 | E20: 2024 | F20: 10 | G20: 21 | H20: 43 | I20: 2 | J20: Sietech | K20: Nelson Simoes | L20: Program Manager | M20: Atualização de bitrix, manutenção de v-control, projetos e aprovações, fup Lifetec | N20: 99.83 | O20: 110 | P20: =ApprovedTimeReport_002_2024106[[#This Row],[CostRate w/ Taxes]]*ApprovedTimeReport_002_2024106[[#This Row],[Time Actual]] -> 220 | Q20: Vockan Consulting Ltda | R20: =VLOOKUP(A:A,Vlookup!A:B,2,0) -> NB
A21: NB-Consultoria-Tec&Dev | B21: 45583 | C21: 45586 | D21: NB01 | E21: 2024 | F21: 10 | G21: 18 | H21: 42 | I21: 8 | J21: Sietech | K21: Nelson Simoes | L21: Program Manager | M21: Atualizações Bitrix, fup Lifetec, Alinhamento com Renato sobre Autokiniton, Scrum, reunião com Guilherme, 1:1 André | N21: 99.83 | O21: 110 | P21: =ApprovedTimeReport_002_2024106[[#This Row],[CostRate w/ Taxes]]*ApprovedTimeReport_002_2024106[[#This Row],[Time Actual]] -> 880 | Q21: Vockan Consulting Ltda | R21: =VLOOKUP(A:A,Vlookup!A:B,2,0) -> NB
A22: NB-Consultoria-Tec&Dev | B22: 45582 | C22: 45586 | D22: NB01 | E22: 2024 | F22: 10 | G22: 17 | H22: 42 | I22: 8 | J22: Sietech | K22: Nelson Simoes | L22: Program Manager | M22: Documentação de projetos, Nuvem Visteon, revisão de tickets com Pedro, Alinhamento com Hilmar e Kaune, alinhamento de Autokiniton com André | N22: 99.83 | O22: 110 | P22: =ApprovedTimeReport_002_2024106[[#This Row],[CostRate w/ Taxes]]*ApprovedTimeReport_002_2024106[[#This Row],[Time Actual]] -> 880 | Q22: Vockan Consulting Ltda | R22: =VLOOKUP(A:A,Vlookup!A:B,2,0) -> NB
A23: NB-Consultoria-Tec&Dev | B23: 45580 | C23: 45586 | D23: NB01 | E23: 2024 | F23: 10 | G23: 15 | H23: 42 | I23: 8 | J23: Sietech | K23: Nelson Simoes | L23: Program Manager | M23: Reestrutuação dev com Hilmar, reunião com André, testes integração Bitrix - Mail, scrum | N23: 99.83 | O23: 110 | P23: =ApprovedTimeReport_002_2024106[[#This Row],[CostRate w/ Taxes]]*ApprovedTimeReport_002_2024106[[#This Row],[Time Actual]] -> 880 | Q23: Vockan Consulting Ltda | R23: =VLOOKUP(A:A,Vlookup!A:B,2,0) -> NB
A24: NB-Consultoria-Tec&Dev | B24: 45579 | C24: 45586 | D24: NB01 | E24: 2024 | F24: 10 | G24: 14 | H24: 42 | I24: 9 | J24: Sietech | K24: Nelson Simoes | L24: Program Manager | M24: Alinhamento com Guilherme, horas planejadas no v-control com Fabio, restruturação DEV com Sildemar, alinhamento Mueller com Thiago, reunião com Cestari | N24: 99.83 | O24: 110 | P24: =ApprovedTimeReport_002_2024106[[#This Row],[CostRate w/ Taxes]]*ApprovedTimeReport_002_2024106[[#This Row],[Time Actual]] -> 990 | Q24: Vockan Consulting Ltda | R24: =VLOOKUP(A:A,Vlookup!A:B,2,0) -> NB
... A33: NB-Consultoria-Tec&Dev | B33: 45566 | C33: 45572 | D33: NB01 | E33: 2024 | F33: 10 | G33: 1 | H33: 40 | I33: 7 | J33: Sietech | K33: Nelson Simoes | L33: Program Manager | M33: FUP Comercial, entrevista com Sergio Gabriel, reunião com Geraldo, Scrum, Alinhamento TEC, fup contratação squad | N33: 99.83 | O33: 110 | P33: =ApprovedTimeReport_002_2024106[[#This Row],[CostRate w/ Taxes]]*ApprovedTimeReport_002_2024106[[#This Row],[Time Actual]] -> 770 | Q33: Vockan Consulting Ltda | R33: =VLOOKUP(A:A,Vlookup!A:B,2,0) -> NB
A34: NB-MKT | B34: 45581 | C34: 45589 | D34: SOW | E34: 2024 | F34: 10 | G34: 16 | H34: 42 | I34: 8 | J34: Sietech | K34: Nelson Simoes | L34: Project Manager | M34: Congresso Industria Digital, alinhamento com Hilmar, Scrum | N34: 86.43 | O34: =ApprovedTimeReport_002_2024106[[#This Row],[CostRate]]/0.9075 -> 95.239669 | P34: =ApprovedTimeReport_002_2024106[[#This Row],[CostRate w/ Taxes]]*ApprovedTimeReport_002_2024106[[#This Row],[Time Actual]] -> 761.91736 | Q34: Vockan Consulting Ltda | R34: =VLOOKUP(A:A,Vlookup!A:B,2,0) -> NB
A35: NBP-PE-PLAN10 | B35: 45589 | C35: 45595 | D35: SOW | E35: 2024 | F35: 10 | G35: 24 | H35: 43 | I35: 1 | J35: Sietech | K35: Nelson Simoes | L35: Project Manager | M35: Finalização de roteiro agilista | N35: 99.83 | O35: 110 | P35: =ApprovedTimeReport_002_2024106[[#This Row],[CostRate w/ Taxes]]*ApprovedTimeReport_002_2024106[[#This Row],[Time Actual]] -> 110 | Q35: Vockan Consulting Ltda | R35: =VLOOKUP(A:A,Vlookup!A:B,2,0) -> NB
A36: NBP-PE-PLAN10 | B36: 45568 | C36: 45572 | D36: SOW | E36: 2024 | F36: 10 | G36: 3 | H36: 40 | I36: 2 | J36: Sietech | K36: Nelson Simoes | L36: Project Manager | M36: Roteiro devolutiva com Exchange | N36: 99.83 | O36: 110 | P36: =ApprovedTimeReport_002_2024106[[#This Row],[CostRate w/ Taxes]]*ApprovedTimeReport_002_2024106[[#This Row],[Time Actual]] -> 220 | Q36: Vockan Consulting Ltda | R36: =VLOOKUP(A:A,Vlookup!A:B,2,0) -> NB
A37: NBP-PE-PLAN12 | B37: 45594 | C37: 45595 | D37: SOW | E37: 2024 | F37: 10 | G37: 29 | H37: 44 | I37: 1 | J37: Sietech | K37: Nelson Simoes | L37: Project Manager | M37: Sprint semanal com Exchange, BPO Operacional | N37: 99.83 | O37: 110 | P37: =ApprovedTimeReport_002_2024106[[#This Row],[CostRate w/ Taxes]]*ApprovedTimeReport_002_2024106[[#This Row],[Time Actual]] -> 110 | Q37: Vockan Consulting Ltda | R37: =VLOOKUP(A:A,Vlookup!A:B,2,0) -> NB
A38: NBP-PE-PLAN12 | B38: 45577 | C38: 45580 | D38: SOW | E38: 2024 | F38: 10 | G38: 12 | H38: 41 | I38: 2 | J38: Sietech | K38: Nelson Simoes | L38: Project Manager | M38: Revisão de material MKT para site, BPO e Agilista | N38: 99.83 | O38: 110 | P38: =ApprovedTimeReport_002_2024106[[#This Row],[CostRate w/ Taxes]]*ApprovedTimeReport_002_2024106[[#This Row],[Time Actual]] -> 220 | Q38: Vockan Consulting Ltda | R38: =VLOOKUP(A:A,Vlookup!A:B,2,0) -> NB
A39: NB-Scrum-Dev | B39: 45588 | C39: 45595 | D39: SOW | E39: 2024 | F39: 10 | G39: 23 | H39: 43 | I39: 4 | J39: Sietech | K39: Nelson Simoes | L39: Program Manager | M39: Fechamento Sprint 17, plan sprint 18 | N39: 86.43 | O39: =ApprovedTimeReport_002_2024106[[#This Row],[CostRate]]/0.9075 -> 95.239669 | P39: =ApprovedTimeReport_002_2024106[[#This Row],[CostRate w/ Taxes]]*ApprovedTimeReport_002_2024106[[#This Row],[Time Actual]] -> 380.95868 | Q39: Vockan Consulting Ltda | R39: =VLOOKUP(A:A,Vlookup!A:B,2,0) -> NB

Sheet Vlookup
A1: FunnelID | B1: Project Type
A2: 074-Vckadi | B2: FF
A3: 095-vckadi | B3: FF
A4: 128-VckAdi | B4: FF
A5: 806-Vck446 | B5: FF
A6: NB-Support | B6: NB
A7: 049-VckAmv | B7: FF
A8: 089-vckand | B8: FF
A9: A7lAPT28665 | B9: FF
A10: 131-VckAut | B10: T&M
A11: 010-VckBim | B11: T&M
A12: 068-vckcar | B12: T&M
... A108: 4358-VCK510 | B108: T&M
